Workbook

Sheet Продажі факт
A1: № чеку | B1: Дата продажу | C1: Час продажу | D1: Товар ID новий | E1: Кількість | F1: Виручка, грн | G1: Спосіб оплати | H1: Покупець | I1: Магазин | J1: Собівартість, грн | K1: Дата відвантаження | L1: Бренд
A2: 100000001 | B2: 43018 | C2: 0.56505787 | D2: 10138 | E2: 1 | F2: 158.32913 | G2: готівковий | I2: Магазин №4 Київ | J2: 68.25 | K2: 43023 | L2: =VLOOKUP(D2, 'Список товарів'!$B$2:$D$341, 2, FALSE) -> Adidas
A3: 100000001 | B3: 43018 | C3: 0.56505787 | D3: 10260 | E3: 1 | F3: 1890.2016 | G3: готівковий | I3: Магазин №4 Київ | J3: 1254.04 | K3: 43023 | L3: =VLOOKUP(D3, 'Список товарів'!$B$2:$D$341, 2, FALSE) -> Reebok
A4: 100000002 | B4: 42763 | C4: 0.66717593 | D4: 10046 | E4: 1 | F4: 296.82042 | G4: готівковий | I4: Магазин №3 Київ | J4: 212.01 | K4: 42767 | L4: =VLOOKUP(D4, 'Список товарів'!$B$2:$D$341, 2, FALSE) -> Nike
A5: 100000003 | B5: 43124 | C5: 0.59202546 | D5: 10028 | E5: 1 | F5: 940.15152 | G5: готівковий | I5: Магазин №6 Київ | J5: 384.3 | K5: 43124 | L5: =VLOOKUP(D5, 'Список товарів'!$B$2:$D$341, 2, FALSE) -> Nike
A6: 100000003 | B6: 43124 | C6: 0.59202546 | D6: 10312 | E6: 1 | F6: 502.398 | G6: готівковий | I6: Магазин №6 Київ | J6: 219.22 | K6: 43124 | L6: =VLOOKUP(D6, 'Список товарів'!$B$2:$D$341, 2, FALSE) -> Reebok
A7: 100000004 | B7: 42621 | C7: 0.85002315 | D7: 10293 | E7: 1 | F7: 136.67859 | G7: безготівковий | I7: Магазин №3 Київ | J7: 116.63 | K7: 42621 | L7: =VLOOKUP(D7, 'Список товарів'!$B$2:$D$341, 2, FALSE) -> Reebok
A8: 100000005 | B8: 42758 | C8: 0.47431713 | D8: 10304 | E8: 1 | F8: 627.41952 | G8: готівковий | H8: ПІБ 1058 | I8: Магазин №5 Київ | J8: 406.6 | K8: 42758 | L8: =VLOOKUP(D8, 'Список товарів'!$B$2:$D$341, 2, FALSE) -> Reebok
A9: 100000005 | B9: 42758 | C9: 0.47431713 | D9: 10182 | E9: 1 | F9: 3472.6982 | G9: готівковий | H9: ПІБ 1058 | I9: Магазин №5 Київ | J9: 2967.84 | K9: 42758 | L9: =VLOOKUP(D9, 'Список товарів'!$B$2:$D$341, 2, FALSE) -> Puma
A10: 100000005 | B10: 42758 | C10: 0.47431713 | D10: 10271 | E10: 1 | F10: 4895.296 | G10: готівковий | H10: ПІБ 1058 | I10: Магазин №5 Київ | J10: 3652.74 | K10: 42758 | L10: =VLOOKUP(D10, 'Список товарів'!$B$2:$D$341, 2, FALSE) -> Reebok
A11: 100000007 | B11: 43273 | C11: 0.65077546 | D11: 10239 | E11: 1 | F11: 752.03568 | G11: готівковий | H11: ПІБ 906 | I11: Магазин №7 Київ | J11: 482 | K11: 43273 | L11: =VLOOKUP(D11, 'Список товарів'!$B$2:$D$341, 2, FALSE) -> Puma
A12: 100000007 | B12: 43273 | C12: 0.65077546 | D12: 10071 | E12: 1 | F12: 1221.7606 | G12: готівковий | H12: ПІБ 906 | I12: Магазин №7 Київ | J12: 652.01 | K12: 43273 | L12: =VLOOKUP(D12, 'Список товарів'!$B$2:$D$341, 2, FALSE) -> Nike
A13: 100000007 | B13: 43273 | C13: 0.65077546 | D13: 10172 | E13: 1 | F13: 1484.3126 | G13: готівковий | H13: ПІБ 906 | I13: Магазин №7 Київ | J13: 1148.94 | K13: 43273 | L13: =VLOOKUP(D13, 'Список товарів'!$B$2:$D$341, 2, FALSE) -> Puma
A14: 100000007 | B14: 43273 | C14: 0.65077546 | D14: 10207 | E14: 2 | F14: 435.6697 | G14: готівковий | H14: ПІБ 906 | I14: Магазин №7 Київ | J14: 268.8 | K14: 43273 | L14: =VLOOKUP(D14, 'Список товарів'!$B$2:$D$341, 2, FALSE) -> Puma
A15: 100000007 | B15: 43273 | C15: 0.65077546 | D15: 10046 | E15: 1 | F15: 392.6196 | G15: готівковий | H15: ПІБ 906 | I15: Магазин №7 Київ | J15: 227.29 | K15: 43273 | L15: =VLOOKUP(D15, 'Список товарів'!$B$2:$D$341, 2, FALSE) -> Nike
A16: 100000007 | B16: 43273 | C16: 0.65077546 | D16: 10015 | E16: 1 | F16: 6086.7532 | G16: готівковий | H16: ПІБ 906 | I16: Магазин №7 Київ | J16: 2051.1 | K16: 43273 | L16: =VLOOKUP(D16, 'Список товарів'!$B$2:$D$341, 2, FALSE) -> Nike
A17: 100000007 | B17: 43273 | C17: 0.65077546 | D17: 10311 | E17: 1 | F17: 373.644 | G17: готівковий | H17: ПІБ 906 | I17: Магазин №7 Київ | J17: 207.58 | K17: 43273 | L17: =VLOOKUP(D17, 'Список товарів'!$B$2:$D$341, 2, FALSE) -> Reebok
A18: 100000007 | B18: 43273 | C18: 0.65077546 | D18: 10335 | E18: 1 | F18: 1388.8756 | G18: готівковий | H18: ПІБ 906 | I18: Магазин №7 Київ | J18: 672.28 | K18: 43273 | L18: =VLOOKUP(D18, 'Список товарів'!$B$2:$D$341, 2, FALSE) -> Reebok
A19: 100000007 | B19: 43273 | C19: 0.65077546 | D19: 10031 | E19: 1 | F19: 105.21984 | G19: готівковий | H19: ПІБ 906 | I19: Магазин №7 Київ | J19: 53.76 | K19: 43273 | L19: =VLOOKUP(D19, 'Список товарів'!$B$2:$D$341, 2, FALSE) -> Nike
... A33: 100000014 | B33: 42452 | C33: 0.37737269 | D33: 10283 | E33: 1 | F33: 260.172 | G33: готівковий | H33: ПІБ 317 | I33: Магазин №4 Київ | J33: 131.4 | K33: 42452 | L33: =VLOOKUP(D33, 'Список товарів'!$B$2:$D$341, 2, FALSE) -> Reebok
A34: 100000015 | B34: 43219 | C34: 0.72944444 | D34: 10168 | E34: 1 | F34: 415.617 | G34: безготівковий | I34: Магазин №7 Київ | J34: 209.1 | K34: 43219 | L34: =VLOOKUP(D34, 'Список товарів'!$B$2:$D$341, 2, FALSE) -> Adidas
A35: 100000015 | B35: 43219 | C35: 0.72944444 | D35: 10304 | E35: 1 | F35: 788.424 | G35: безготівковий | I35: Магазин №7 Київ | J35: 368.6 | K35: 43219 | L35: =VLOOKUP(D35, 'Список товарів'!$B$2:$D$341, 2, FALSE) -> Reebok
A36: 100000015 | B36: 43219 | C36: 0.72944444 | D36: 10305 | E36: 1 | F36: 337.6813 | G36: безготівковий | I36: Магазин №7 Київ | J36: 178.18 | K36: 43219 | L36: =VLOOKUP(D36, 'Список товарів'!$B$2:$D$341, 2, FALSE) -> Reebok
A37: 100000015 | B37: 43219 | C37: 0.72944444 | D37: 10333 | E37: 2 | F37: 1676.2986 | G37: безготівковий | I37: Магазин №7 Київ | J37: 1057.32 | K37: 43219 | L37: =VLOOKUP(D37, 'Список товарів'!$B$2:$D$341, 2, FALSE) -> Reebok
A38: 100000017 | B38: 42838 | C38: 0.85396991 | D38: 10263 | E38: 1 | F38: 391.45824 | G38: готівковий | I38: Магазин №3 Київ | J38: 250.7 | K38: 42838 | L38: =VLOOKUP(D38, 'Список товарів'!$B$2:$D$341, 2, FALSE) -> Reebok
A39: 100000017 | B39: 42838 | C39: 0.85396991 | D39: 10082 | E39: 1 | F39: 1919.9152 | G39: готівковий | I39: Магазин №3 Київ | J39: 791.8 | K39: 42838 | L39: =VLOOKUP(D39, 'Список товарів'!$B$2:$D$341, 2, FALSE) -> Nike
A40: 100000017 | B40: 42838 | C40: 0.85396991 | D40: 10334 | E40: 1 | F40: 790.548 | G40: готівковий | I40: Магазин №3 Київ | J40: 339.9 | K40: 42838 | L40: =VLOOKUP(D40, 'Список товарів'!$B$2:$D$341, 2, FALSE) -> Reebok
A41: 100000017 | B41: 42838 | C41: 0.85396991 | D41: 10300 | E41: 1 | F41: 386.694 | G41: готівковий | I41: Магазин №3 Київ | J41: 228.9 | K41: 42838 | L41: =VLOOKUP(D41, 'Список товарів'!$B$2:$D$341, 2, FALSE) -> Reebok
A42: 100000019 | B42: 42486 | C42: 0.48730324 | D42: 10016 | E42: 1 | F42: 2573.2825 | G42: готівковий | I42: Магазин №6 Київ | J42: 1498.23 | K42: 42490 | L42: =VLOOKUP(D42, 'Список товарів'!$B$2:$D$341, 2, FALSE) -> Nike
A43: 100000021 | B43: 42663 | C43: 0.70542824 | D43: 10054 | E43: 1 | F43: 329.8696 | G43: готівковий | H43: ПІБ 146 | I43: Магазин №3 Київ | J43: 178 | K43: 42663 | L43: =VLOOKUP(D43, 'Список товарів'!$B$2:$D$341, 2, FALSE) -> Nike
A44: 100000022 | B44: 42519 | C44: 0.56890046 | D44: 10028 | E44: 2 | F44: 1785.3382 | G44: безготівковий | H44: ПІБ 358 | I44: Магазин №2 Київ | J44: 956.48 | K44: 42519 | L44: =VLOOKUP(D44, 'Список товарів'!$B$2:$D$341, 2, FALSE) -> Nike
A45: 100000025 | B45: 42461 | C45: 0.69945602 | D45: 10100 | E45: 1 | F45: 5889.38 | G45: готівковий | I45: Магазин №9 Дніпро | J45: 2849.7 | K45: 42461 | L45: =VLOOKUP(D45, 'Список товарів'!$B$2:$D$341, 2, FALSE) -> Adidas
A46: 100000025 | B46: 42461 | C46: 0.69945602 | D46: 10203 | E46: 1 | F46: 470.016 | G46: готівковий | I46: Магазин №9 Дніпро | J46: 336.96 | K46: 42461 | L46: =VLOOKUP(D46, 'Список товарів'!$B$2:$D$341, 2, FALSE) -> Puma
A47: 100000025 | B47: 42461 | C47: 0.69945602 | D47: 10008 | E47: 2 | F47: 1309.408 | G47: готівковий | I47: Магазин №9 Дніпро | J47: 690.56 | K47: 42461 | L47: =VLOOKUP(D47, 'Список товарів'!$B$2:$D$341, 2, FALSE) -> Nike
A48: 100000027 | B48: 43023 | C48: 0.76537037 | D48: 10304 | E48: 1 | F48: 629.356 | G48: готівковий | I48: Магазин №6 Київ | J48: 372.4 | K48: 43025 | L48: =VLOOKUP(D48, 'Список товарів'!$B$2:$D$341, 2, FALSE) -> Reebok
A49: 100000027 | B49: 43023 | C49: 0.76537037 | D49: 10167 | E49: 2 | F49: 4109.7196 | G49: готівковий | I49: Магазин №6 Київ | J49: 1910.64 | K49: 43025 | L49: =VLOOKUP(D49, 'Список товарів'!$B$2:$D$341, 2, FALSE) -> Adidas
A50: 100000027 | B50: 43023 | C50: 0.76537037 | D50: 10055 | E50: 1 | F50: 501.942 | G50: готівковий | I50: Магазин №6 Київ | J50: 190 | K50: 43025 | L50: =VLOOKUP(D50, 'Список товарів'!$B$2:$D$341, 2, FALSE) -> Nike
A51: 100000028 | B51: 42438 | C51: 0.58804398 | D51: 10169 | E51: 2 | F51: 939.62736 | G51: готівковий | I51: Магазин №8 Дніпро | J51: 632.4 | K51: 42439 | L51: =VLOOKUP(D51, 'Список товарів'!$B$2:$D$341, 2, FALSE) -> Adidas
A52: 100000029 | B52: 42599 | C52: 0.37606481 | D52: 10071 | E52: 1 | F52: 1031.1682 | G52: готівковий | I52: Магазин №6 Київ | J52: 605.85 | K52: 42601 | L52: =VLOOKUP(D52, 'Список товарів'!$B$2:$D$341, 2, FALSE) -> Nike
A53: 100000029 | B53: 42599 | C53: 0.37606481 | D53: 10183 | E53: 1 | F53: 5867.696 | G53: готівковий | I53: Магазин №6 Київ | J53: 4211.96 | K53: 42601 | L53: =VLOOKUP(D53, 'Список товарів'!$B$2:$D$341, 2, FALSE) -> Puma
A54: 100000029 | B54: 42599 | C54: 0.37606481 | D54: 10228 | E54: 1 | F54: 270.58304 | G54: готівковий | I54: Магазин №6 Київ | J54: 206.08 | K54: 42601 | L54: =VLOOKUP(D54, 'Список товарів'!$B$2:$D$341, 2, FALSE) -> Puma
A55: 100000031 | B55: 42859 | C55: 0.42296296 | D55: 10283 | E55: 1 | F55: 241.776 | G55: готівковий | I55: Магазин №9 Дніпро | J55: 131.4 | K55: 42859 | L55: =VLOOKUP(D55, 'Список товарів'!$B$2:$D$341, 2, FALSE) -> Reebok
A56: 100000031 | B56: 42859 | C56: 0.42296296 | D56: 10082 | E56: 1 | F56: 1495.1552 | G56: готівковий | I56: Магазин №9 Дніпро | J56: 688.2 | K56: 42859 | L56: =VLOOKUP(D56, 'Список товарів'!$B$2:$D$341, 2, FALSE) -> Nike
... A64: 100000034 | B64: 42467 | C64: 0.68131944 | D64: 10002 | E64: 1 | F64: 4465.3504 | G64: безготівковий | I64: Магазин №9 Дніпро | J64: 1944.36 | K64: 42470 | L64: =VLOOKUP(D64, 'Список товарів'!$B$2:$D$341, 2, FALSE) -> Nike
A65: 100000035 | B65: 42878 | C65: 0.51962963 | D65: 10234 | E65: 1 | F65: 363.264 | G65: безготівковий | H65: ПІБ 1005 | I65: Магазин №3 Київ | J65: 255.42 | K65: 42878 | L65: =VLOOKUP(D65, 'Список товарів'!$B$2:$D$341, 2, FALSE) -> Puma
A66: 100000035 | B66: 42878 | C66: 0.51962963 | D66: 10283 | E66: 1 | F66: 236.7828 | G66: безготівковий | H66: ПІБ 1005 | I66: Магазин №3 Київ | J66: 154.76 | K66: 42878 | L66: =VLOOKUP(D66, 'Список товарів'!$B$2:$D$341, 2, FALSE) -> Reebok
A67: 100000035 | B67: 42878 | C67: 0.51962963 | D67: 10020 | E67: 1 | F67: 241.92256 | G67: безготівковий | H67: ПІБ 1005 | I67: Магазин №3 Київ | J67: 112.53 | K67: 42878 | L67: =VLOOKUP(D67, 'Список товарів'!$B$2:$D$341, 2, FALSE) -> Nike
A68: 100000036 | B68: 42583 | C68: 0.45675926 | D68: 10086 | E68: 1 | F68: 3338.68 | G68: готівковий | I68: Магазин №2 Київ | J68: 1573.2 | K68: 42584 | L68: =VLOOKUP(D68, 'Список товарів'!$B$2:$D$341, 2, FALSE) -> Adidas
A69: 100000036 | B69: 42583 | C69: 0.45675926 | D69: 10307 | E69: 1 | F69: 374.1309 | G69: готівковий | I69: Магазин №2 Київ | J69: 291.46 | K69: 42584 | L69: =VLOOKUP(D69, 'Список товарів'!$B$2:$D$341, 2, FALSE) -> Reebok
A70: 100000036 | B70: 42583 | C70: 0.45675926 | D70: 10062 | E70: 1 | F70: 1979.2813 | G70: готівковий | I70: Магазин №2 Київ | J70: 965.11 | K70: 42584 | L70: =VLOOKUP(D70, 'Список товарів'!$B$2:$D$341, 2, FALSE) -> Nike
A71: 100000036 | B71: 42583 | C71: 0.45675926 | D71: 10335 | E71: 1 | F71: 1087.5158 | G71: готівковий | I71: Магазин №2 Київ | J71: 672.28 | K71: 42584 | L71: =VLOOKUP(D71, 'Список товарів'!$B$2:$D$341, 2, FALSE) -> Reebok
A72: 100000036 | B72: 42583 | C72: 0.45675926 | D72: 10027 | E72: 1 | F72: 397.7036 | G72: готівковий | I72: Магазин №2 Київ | J72: 236.4 | K72: 42584 | L72: =VLOOKUP(D72, 'Список товарів'!$B$2:$D$341, 2, FALSE) -> Nike
A73: 100000036 | B73: 42583 | C73: 0.45675926 | D73: 10183 | E73: 1 | F73: 5751.504 | G73: готівковий | I73: Магазин №2 Київ | J73: 4139.34 | K73: 42584 | L73: =VLOOKUP(D73, 'Список товарів'!$B$2:$D$341, 2, FALSE) -> Puma
A74: 100000036 | B74: 42583 | C74: 0.45675926 | D74: 10334 | E74: 1 | F74: 776.556 | G74: готівковий | I74: Магазин №2 Київ | J74: 363 | K74: 42584 | L74: =VLOOKUP(D74, 'Список товарів'!$B$2:$D$341, 2, FALSE) -> Reebok
A75: 100000036 | B75: 42583 | C75: 0.45675926 | D75: 10181 | E75: 2 | F75: 3777.0611 | G75: готівковий | I75: Магазин №2 Київ | J75: 2482.58 | K75: 42584 | L75: =VLOOKUP(D75, 'Список товарів'!$B$2:$D$341, 2, FALSE) -> Puma
A76: 100000036 | B76: 42583 | C76: 0.45675926 | D76: 10158 | E76: 1 | F76: 779.568 | G76: готівковий | I76: Магазин №2 Київ | J76: 464.88 | K76: 42584 | L76: =VLOOKUP(D76, 'Список товарів'!$B$2:$D$341, 2, FALSE) -> Adidas
A77: 100000036 | B77: 42583 | C77: 0.45675926 | D77: 10048 | E77: 1 | F77: 517.12368 | G77: готівковий | I77: Магазин №2 Київ | J77: 256.54 | K77: 42584 | L77: =VLOOKUP(D77, 'Список товарів'!$B$2:$D$341, 2, FALSE) -> Nike
A78: 100000037 | B78: 42692 | C78: 0.78716435 | D78: 10150 | E78: 1 | F78: 1233.2776 | G78: безготівковий | I78: Магазин №2 Київ | J78: 810.75 | K78: 42692 | L78: =VLOOKUP(D78, 'Список товарів'!$B$2:$D$341, 2, FALSE) -> Adidas
A79: 100000037 | B79: 42692 | C79: 0.78716435 | D79: 10156 | E79: 1 | F79: 1150.604 | G79: безготівковий | I79: Магазин №2 Київ | J79: 533.6 | K79: 42692 | L79: =VLOOKUP(D79, 'Список товарів'!$B$2:$D$341, 2, FALSE) -> Adidas
... A94: 100000042 | B94: 43065 | C94: 0.52297454 | D94: 10051 | E94: 1 | F94: 338.61734 | G94: безготівковий | I94: Магазин №4 Київ | J94: 132.05 | K94: 43068 | L94: =VLOOKUP(D94, 'Список товарів'!$B$2:$D$341, 2, FALSE) -> Nike
A95: 100000043 | B95: 42987 | C95: 0.43167824 | D95: 10338 | E95: 1 | F95: 1035.6624 | G95: безготівковий | H95: ПІБ 546 | I95: Магазин №9 Дніпро | J95: 568.17 | K95: 42988 | L95: =VLOOKUP(D95, 'Список товарів'!$B$2:$D$341, 2, FALSE) -> Reebok
A96: 100000043 | B96: 42987 | C96: 0.43167824 | D96: 10235 | E96: 1 | F96: 1448.4175 | G96: безготівковий | H96: ПІБ 546 | I96: Магазин №9 Дніпро | J96: 1047.66 | K96: 42988 | L96: =VLOOKUP(D96, 'Список товарів'!$B$2:$D$341, 2, FALSE) -> Puma
A97: 100000043 | B97: 42987 | C97: 0.43167824 | D97: 10260 | E97: 1 | F97: 2497.7664 | G97: безготівковий | H97: ПІБ 546 | I97: Магазин №9 Дніпро | J97: 1254.04 | K97: 42988 | L97: =VLOOKUP(D97, 'Список товарів'!$B$2:$D$341, 2, FALSE) -> Reebok
A98: 100000043 | B98: 42987 | C98: 0.43167824 | D98: 10298 | E98: 1 | F98: 249.83677 | G98: безготівковий | H98: ПІБ 546 | I98: Магазин №9 Дніпро | J98: 141.3 | K98: 42988 | L98: =VLOOKUP(D98, 'Список товарів'!$B$2:$D$341, 2, FALSE) -> Reebok
A99: 100000044 | B99: 43160 | C99: 0.42041667 | D99: 10037 | E99: 1 | F99: 417.98912 | G99: безготівковий | I99: Магазин №3 Київ | J99: 247.32 | K99: 43160 | L99: =VLOOKUP(D99, 'Список товарів'!$B$2:$D$341, 2, FALSE) -> Nike
A100: 100000044 | B100: 43160 | C100: 0.42041667 | D100: 10262 | E100: 1 | F100: 617.76 | G100: безготівковий | I100: Магазин №3 Київ | J100: 349.44 | K100: 43160 | L100: =VLOOKUP(D100, 'Список товарів'!$B$2:$D$341, 2, FALSE) -> Reebok
A101: 100000045 | B101: 42612 | C101: 0.57445602 | D101: 10168 | E101: 1 | F101: 468.17244 | G101: безготівковий | I101: Магазин №5 Київ | J101: 231.65 | K101: 42613 | L101: =VLOOKUP(D101, 'Список товарів'!$B$2:$D$341, 2, FALSE) -> Adidas
A102: 100000045 | B102: 42612 | C102: 0.57445602 | D102: 10030 | E102: 1 | F102: 511.82208 | G102: безготівковий | I102: Магазин №5 Київ | J102: 279.72 | K102: 42613 | L102: =VLOOKUP(D102, 'Список товарів'!$B$2:$D$341, 2, FALSE) -> Nike
A103: 100000045 | B103: 42612 | C103: 0.57445602 | D103: 10083 | E103: 1 | F103: 437.206 | G103: безготівковий | I103: Магазин №5 Київ | J103: 158.65 | K103: 42613 | L103: =VLOOKUP(D103, 'Список товарів'!$B$2:$D$341, 2, FALSE) -> Nike
A104: 100000045 | B104: 42612 | C104: 0.57445602 | D104: 10177 | E104: 2 | F104: 672.2352 | G104: безготівковий | I104: Магазин №5 Київ | J104: 449.82 | K104: 42613 | L104: =VLOOKUP(D104, 'Список товарів'!$B$2:$D$341, 2, FALSE) -> Puma
A105: 100000046 | B105: 42898 | C105: 0.60788194 | D105: 10194 | E105: 1 | F105: 218.83316 | G105: готівковий | I105: Магазин №1 Київ | J105: 135 | K105: 42902 | L105: =VLOOKUP(D105, 'Список товарів'!$B$2:$D$341, 2, FALSE) -> Puma
A106: 100000047 | B106: 43165 | C106: 0.59434028 | D106: 10301 | E106: 1 | F106: 331.9728 | G106: безготівковий | I106: Магазин №9 Дніпро | J106: 207.92 | K106: 43165 | L106: =VLOOKUP(D106, 'Список товарів'!$B$2:$D$341, 2, FALSE) -> Reebok
A107: 100000049 | B107: 42418 | C107: 0.64584491 | D107: 10145 | E107: 1 | F107: 276.57648 | G107: безготівковий | I107: Магазин №6 Київ | J107: 168.26 | K107: 42418 | L107: =VLOOKUP(D107, 'Список товарів'!$B$2:$D$341, 2, FALSE) -> Adidas
A108: 100000049 | B108: 42418 | C108: 0.64584491 | D108: 10231 | E108: 1 | F108: 146.93141 | G108: безготівковий | I108: Магазин №6 Київ | J108: 127.68 | K108: 42418 | L108: =VLOOKUP(D108, 'Список товарів'!$B$2:$D$341, 2, FALSE) -> Puma
A109: 100000050 | B109: 43120 | C109: 0.81836806 | D109: 10308 | E109: 2 | F109: 1210.0104 | G109: готівковий | I109: Магазин №8 Дніпро | J109: 599.64 | K109: 43120 | L109: =VLOOKUP(D109, 'Список товарів'!$B$2:$D$341, 2, FALSE) -> Reebok
A110: 100000051 | B110: 42691 | C110: 0.58239583 | D110: 10026 | E110: 1 | F110: 719.992 | G110: безготівковий | H110: ПІБ 285 | I110: Магазин №8 Дніпро | J110: 374.5 | K110: 42694 | L110: =VLOOKUP(D110, 'Список товарів'!$B$2:$D$341, 2, FALSE) -> Nike
A111: 100000051 | B111: 42691 | C111: 0.58239583 | D111: 10147 | E111: 2 | F111: 3064.1134 | G111: безготівковий | H111: ПІБ 285 | I111: Магазин №8 Дніпро | J111: 1656 | K111: 42694 | L111: =VLOOKUP(D111, 'Список товарів'!$B$2:$D$341, 2, FALSE) -> Adidas
A112: 100000051 | B112: 42691 | C112: 0.58239583 | D112: 10047 | E112: 1 | F112: 252.11556 | G112: безготівковий | H112: ПІБ 285 | I112: Магазин №8 Дніпро | J112: 141.45 | K112: 42694 | L112: =VLOOKUP(D112, 'Список товарів'!$B$2:$D$341, 2, FALSE) -> Nike
A113: 100000051 | B113: 42691 | C113: 0.58239583 | D113: 10129 | E113: 1 | F113: 874.125 | G113: безготівковий | H113: ПІБ 285 | I113: Магазин №8 Дніпро | J113: 352.5 | K113: 42694 | L113: =VLOOKUP(D113, 'Список товарів'!$B$2:$D$341, 2, FALSE) -> Adidas
A114: 100000051 | B114: 42691 | C114: 0.58239583 | D114: 10306 | E114: 1 | F114: 183.524 | G114: безготівковий | H114: ПІБ 285 | I114: Магазин №8 Дніпро | J114: 96.8 | K114: 42694 | L114: =VLOOKUP(D114, 'Список товарів'!$B$2:$D$341, 2, FALSE) -> Reebok
A115: 100000051 | B115: 42691 | C115: 0.58239583 | D115: 10065 | E115: 1 | F115: 2667.261 | G115: безготівковий | H115: ПІБ 285 | I115: Магазин №8 Дніпро | J115: 906.3 | K115: 42694 | L115: =VLOOKUP(D115, 'Список товарів'!$B$2:$D$341, 2, FALSE) -> Nike
A116: 100000053 | B116: 43017 | C116: 0.57587963 | D116: 10290 | E116: 1 | F116: 521.2812 | G116: безготівковий | I116: Магазин №1 Київ | J116: 240.35 | K116: 43020 | L116: =VLOOKUP(D116, 'Список товарів'!$B$2:$D$341, 2, FALSE) -> Reebok
A117: 100000054 | B117: 43079 | C117: 0.65851852 | D117: 10031 | E117: 2 | F117: 239.54304 | G117: безготівковий | H117: ПІБ 1057 | I117: Магазин №9 Дніпро | J117: 87.36 | K117: 43079 | L117: =VLOOKUP(D117, 'Список товарів'!$B$2:$D$341, 2, FALSE) -> Nike
A118: 100000055 | B118: 43244 | C118: 0.86706019 | D118: 10102 | E118: 1 | F118: 2152.6464 | G118: готівковий | I118: Магазин №7 Київ | J118: 1778.61 | K118: 43248 | L118: =VLOOKUP(D118, 'Список товарів'!$B$2:$D$341, 2, FALSE) -> Adidas
A119: 100000055 | B119: 43244 | C119: 0.86706019 | D119: 10276 | E119: 1 | F119: 407.47476 | G119: готівковий | I119: Магазин №7 Київ | J119: 190.19 | K119: 43248 | L119: =VLOOKUP(D119, 'Список товарів'!$B$2:$D$341, 2, FALSE) -> Reebok
A120: 100000056 | B120: 42775 | C120: 0.87233796 | D120: 10171 | E120: 1 | F120: 2204.9267 | G120: безготівковий | H120: ПІБ 821 | I120: Магазин №1 Київ | J120: 1725.68 | K120: 42775 | L120: =VLOOKUP(D120, 'Список товарів'!$B$2:$D$341, 2, FALSE) -> Puma
A121: 100000056 | B121: 42775 | C121: 0.87233796 | D121: 10044 | E121: 1 | F121: 439.67912 | G121: безготівковий | H121: ПІБ 821 | I121: Магазин №1 Київ | J121: 262.08 | K121: 42775 | L121: =VLOOKUP(D121, 'Список товарів'!$B$2:$D$341, 2, FALSE) -> Nike
A122: 100000058 | B122: 42629 | C122: 0.80305556 | D122: 10041 | E122: 1 | F122: 446.06464 | G122: готівковий | I122: Магазин №9 Дніпро | J122: 253.12 | K122: 42629 | L122: =VLOOKUP(D122, 'Список товарів'!$B$2:$D$341, 2, FALSE) -> Nike
A123: 100000059 | B123: 43211 | C123: 0.84927083 | D123: 10246 | E123: 1 | F123: 254.448 | G123: безготівковий | I123: Магазин №6 Київ | J123: 142.88 | K123: 43211 | L123: =VLOOKUP(D123, 'Список товарів'!$B$2:$D$341, 2, FALSE) -> Puma
A124: 100000060 | B124: 43012 | C124: 0.4690625 | D124: 10154 | E124: 1 | F124: 2361.0366 | G124: готівковий | I124: Магазин №1 Київ | J124: 1210.95 | K124: 43014 | L124: =VLOOKUP(D124, 'Список товарів'!$B$2:$D$341, 2, FALSE) -> Adidas
A125: 100000060 | B125: 43012 | C125: 0.4690625 | D125: 10068 | E125: 1 | F125: 2270.1324 | G125: готівковий | I125: Магазин №1 Київ | J125: 1208.07 | K125: 43014 | L125: =VLOOKUP(D125, 'Список товарів'!$B$2:$D$341, 2, FALSE) -> Nike
A126: 100000060 | B126: 43012 | C126: 0.4690625 | D126: 10255 | E126: 1 | F126: 526.47936 | G126: готівковий | I126: Магазин №1 Київ | J126: 324.72 | K126: 43014 | L126: =VLOOKUP(D126, 'Список товарів'!$B$2:$D$341, 2, FALSE) -> Puma
A127: 100000061 | B127: 42892 | C127: 0.72024306 | D127: 10088 | E127: 1 | F127: 3014.3718 | G127: безготівковий | I127: Магазин №9 Дніпро | J127: 1817.07 | K127: 42892 | L127: =VLOOKUP(D127, 'Список товарів'!$B$2:$D$341, 2, FALSE) -> Adidas
A128: 100000062 | B128: 42718 | C128: 0.70221065 | D128: 10262 | E128: 1 | F128: 686.4 | G128: готівковий | I128: Магазин №1 Київ | J128: 327.6 | K128: 42721 | L128: =VLOOKUP(D128, 'Список товарів'!$B$2:$D$341, 2, FALSE) -> Reebok
A129: 100000062 | B129: 42718 | C129: 0.70221065 | D129: 10130 | E129: 1 | F129: 117.1968 | G129: готівковий | I129: Магазин №1 Київ | J129: 51.52 | K129: 42721 | L129: =VLOOKUP(D129, 'Список товарів'!$B$2:$D$341, 2, FALSE) -> Adidas
A130: 100000063 | B130: 43235 | C130: 0.7384375 | D130: 10102 | E130: 1 | F130: 3800.7663 | G130: готівковий | I130: Магазин №1 Київ | J130: 2077.98 | K130: 43235 | L130: =VLOOKUP(D130, 'Список товарів'!$B$2:$D$341, 2, FALSE) -> Adidas
A131: 100000064 | B131: 42777 | C131: 0.4600463 | D131: 10069 | E131: 1 | F131: 1204.9701 | G131: безготівковий | I131: Магазин №7 Київ | J131: 891.6 | K131: 42777 | L131: =VLOOKUP(D131, 'Список товарів'!$B$2:$D$341, 2, FALSE) -> Nike
A132: 100000065 | B132: 42460 | C132: 0.50369213 | D132: 10133 | E132: 1 | F132: 662.688 | G132: готівковий | I132: Магазин №3 Київ | J132: 375.24 | K132: 42460 | L132: =VLOOKUP(D132, 'Список товарів'!$B$2:$D$341, 2, FALSE) -> Adidas
A133: 100000066 | B133: 43290 | C133: 0.8693287 | D133: 10337 | E133: 2 | F133: 1016.652 | G133: готівковий | I133: Магазин №6 Київ | J133: 606.06 | K133: 43291 | L133: =VLOOKUP(D133, 'Список товарів'!$B$2:$D$341, 2, FALSE) -> Reebok
... A135: 100000066 | B135: 43290 | C135: 0.8693287 | D135: 10128 | E135: 1 | F135: 335.61137 | G135: готівковий | I135: Магазин №6 Київ | J135: 204.88 | K135: 43291 | L135: =VLOOKUP(D135, 'Список товарів'!$B$2:$D$341, 2, FALSE) -> Adidas
...

Sheet Продажі магазин 10
A1: № чеку | B1: Дата продажу | C1: Рік | D1: Місяць | E1: День | F1: Товар ID | G1: Товар ID новий | H1: Кількість | I1: Ціна одиниці | J1: Виручка, грн | K1: Покупець | L1: Собівартість, грн | M1: Дата відвантаження | N1: Бренд
A2: 100000010 | B2: 42604 | C2: 2016 | D2: 8 | E2: 22 | F2: ХА-3417 | G2: =VLOOKUP(F2, 'Список товарів'!$A$2:$H$341, 2, FALSE) -> 10310 | H2: 1 | I2: 260.1312 | J2: 260.1312 | K2: ПІБ 537 | L2: 186.44 | M2: 42604 | N2: =VLOOKUP(G2, 'Список товарів'!$B$2:$D$341, 2, FALSE) -> Reebok
A3: 100000010 | B3: 42604 | C3: 2016 | D3: 8 | E3: 22 | F3: ХА-3381 | G3: =VLOOKUP(F3, 'Список товарів'!$A$2:$H$341, 2, FALSE) -> 10274 | H3: 1 | I3: 6228.9326 | J3: 6228.9326 | K3: ПІБ 537 | L3: 3166.08 | M3: 42604 | N3: =VLOOKUP(G3, 'Список товарів'!$B$2:$D$341, 2, FALSE) -> Reebok
A4: 100000012 | B4: 43167 | C4: 2018 | D4: 3 | E4: 8 | F4: ХА-3229 | G4: =VLOOKUP(F4, 'Список товарів'!$A$2:$H$341, 2, FALSE) -> 10122 | H4: 1 | I4: 248.34843 | J4: 248.34843 | L4: 167.89 | M4: 43170 | N4: =VLOOKUP(G4, 'Список товарів'!$B$2:$D$341, 2, FALSE) -> Adidas
A5: 100000012 | B5: 43167 | C5: 2018 | D5: 3 | E5: 8 | F5: ХА-3441 | G5: =VLOOKUP(F5, 'Список товарів'!$A$2:$H$341, 2, FALSE) -> 10334 | H5: 1 | I5: 657.624 | J5: 657.624 | L5: 320.1 | M5: 43170 | N5: =VLOOKUP(G5, 'Список товарів'!$B$2:$D$341, 2, FALSE) -> Reebok
A6: 100000013 | B6: 42684 | C6: 2016 | D6: 11 | E6: 10 | F6: ХА-3144 | G6: =VLOOKUP(F6, 'Список товарів'!$A$2:$H$341, 2, FALSE) -> 10037 | H6: 1 | I6: 499.7696 | J6: 499.7696 | L6: 274.8 | M6: 42684 | N6: =VLOOKUP(G6, 'Список товарів'!$B$2:$D$341, 2, FALSE) -> Nike
A7: 100000018 | B7: 42867 | C7: 2017 | D7: 5 | E7: 12 | F7: ХА-3413 | G7: =VLOOKUP(F7, 'Список товарів'!$A$2:$H$341, 2, FALSE) -> 10306 | H7: 2 | I7: 191.092 | J7: 382.184 | L7: 207.68 | M7: 42869 | N7: =VLOOKUP(G7, 'Список товарів'!$B$2:$D$341, 2, FALSE) -> Reebok
A8: 100000018 | B8: 42867 | C8: 2017 | D8: 5 | E8: 12 | F8: ХА-3404 | G8: =VLOOKUP(F8, 'Список товарів'!$A$2:$H$341, 2, FALSE) -> 10297 | H8: 1 | I8: 161.007 | J8: 161.007 | L8: 118.65 | M8: 42869 | N8: =VLOOKUP(G8, 'Список товарів'!$B$2:$D$341, 2, FALSE) -> Reebok
A9: 100000024 | B9: 42803 | C9: 2017 | D9: 3 | E9: 9 | F9: ХА-3305 | G9: =VLOOKUP(F9, 'Список товарів'!$A$2:$H$341, 2, FALSE) -> 10198 | H9: 1 | I9: 243.3536 | J9: 243.3536 | L9: 154 | M9: 42803 | N9: =VLOOKUP(G9, 'Список товарів'!$B$2:$D$341, 2, FALSE) -> Puma
A10: 100000030 | B10: 42572 | C10: 2016 | D10: 7 | E10: 21 | F10: ХА-3335 | G10: =VLOOKUP(F10, 'Список товарів'!$A$2:$H$341, 2, FALSE) -> 10228 | H10: 1 | I10: 279.50336 | J10: 279.50336 | L10: 169.28 | M10: 42577 | N10: =VLOOKUP(G10, 'Список товарів'!$B$2:$D$341, 2, FALSE) -> Puma
A11: 100000077 | B11: 43279 | C11: 2018 | D11: 6 | E11: 28 | F11: ХА-3238 | G11: =VLOOKUP(F11, 'Список товарів'!$A$2:$H$341, 2, FALSE) -> 10131 | H11: 2 | I11: 429.5112 | J11: 859.0224 | L11: 491.96 | M11: 43281 | N11: =VLOOKUP(G11, 'Список товарів'!$B$2:$D$341, 2, FALSE) -> Adidas
A12: 100000081 | B12: 42829 | C12: 2017 | D12: 4 | E12: 4 | F12: ХА-3152 | G12: =VLOOKUP(F12, 'Список товарів'!$A$2:$H$341, 2, FALSE) -> 10045 | H12: 2 | I12: 236.72 | J12: 473.44 | L12: 252.5 | M12: 42830 | N12: =VLOOKUP(G12, 'Список товарів'!$B$2:$D$341, 2, FALSE) -> Nike
A13: 100000081 | B13: 42829 | C13: 2017 | D13: 4 | E13: 4 | F13: ХА-3165 | G13: =VLOOKUP(F13, 'Список товарів'!$A$2:$H$341, 2, FALSE) -> 10058 | H13: 1 | I13: 641.88288 | J13: 641.88288 | L13: 223.86 | M13: 42830 | N13: =VLOOKUP(G13, 'Список товарів'!$B$2:$D$341, 2, FALSE) -> Nike
A14: 100000081 | B14: 42829 | C14: 2017 | D14: 4 | E14: 4 | F14: ХА-3174 | G14: =VLOOKUP(F14, 'Список товарів'!$A$2:$H$341, 2, FALSE) -> 10067 | H14: 1 | I14: 2505.0031 | J14: 2505.0031 | L14: 1189.44 | M14: 42830 | N14: =VLOOKUP(G14, 'Список товарів'!$B$2:$D$341, 2, FALSE) -> Nike
A15: 100000081 | B15: 42829 | C15: 2017 | D15: 4 | E15: 4 | F15: ХА-3435 | G15: =VLOOKUP(F15, 'Список товарів'!$A$2:$H$341, 2, FALSE) -> 10328 | H15: 2 | I15: 515.679 | J15: 1031.358 | L15: 473.1 | M15: 42830 | N15: =VLOOKUP(G15, 'Список товарів'!$B$2:$D$341, 2, FALSE) -> Reebok
... A22: 100000085 | B22: 42687 | C22: 2016 | D22: 11 | E22: 13 | F22: ХА-3202 | G22: =VLOOKUP(F22, 'Список товарів'!$A$2:$H$341, 2, FALSE) -> 10095 | H22: 1 | I22: 6199.7215 | J22: 6199.7215 | L22: 3269.63 | M22: 42687 | N22: =VLOOKUP(G22, 'Список товарів'!$B$2:$D$341, 2, FALSE) -> Adidas
A23: 100000086 | B23: 42660 | C23: 2016 | D23: 10 | E23: 17 | F23: ХА-3182 | G23: =VLOOKUP(F23, 'Список товарів'!$A$2:$H$341, 2, FALSE) -> 10075 | H23: 1 | I23: 1600.0102 | J23: 1600.0102 | K23: ПІБ 504 | L23: 741.6 | M23: 42665 | N23: =VLOOKUP(G23, 'Список товарів'!$B$2:$D$341, 2, FALSE) -> Nike
A24: 100000105 | B24: 43147 | C24: 2018 | D24: 2 | E24: 16 | F24: ХА-3340 | G24: =VLOOKUP(F24, 'Список товарів'!$A$2:$H$341, 2, FALSE) -> 10233 | H24: 1 | I24: 991.38125 | J24: 991.38125 | L24: 572.3 | M24: 43147 | N24: =VLOOKUP(G24, 'Список товарів'!$B$2:$D$341, 2, FALSE) -> Puma
A25: 100000105 | B25: 43147 | C25: 2018 | D25: 2 | E25: 16 | F25: ХА-3342 | G25: =VLOOKUP(F25, 'Список товарів'!$A$2:$H$341, 2, FALSE) -> 10235 | H25: 1 | I25: 1331.3737 | J25: 1331.3737 | L25: 946.57 | M25: 43147 | N25: =VLOOKUP(G25, 'Список товарів'!$B$2:$D$341, 2, FALSE) -> Puma
A26: 100000105 | B26: 43147 | C26: 2018 | D26: 2 | E26: 16 | F26: ХА-3425 | G26: =VLOOKUP(F26, 'Список товарів'!$A$2:$H$341, 2, FALSE) -> 10318 | H26: 1 | I26: 379.1037 | J26: 379.1037 | L26: 160.59 | M26: 43147 | N26: =VLOOKUP(G26, 'Список товарів'!$B$2:$D$341, 2, FALSE) -> Reebok
A27: 100000105 | B27: 43147 | C27: 2018 | D27: 2 | E27: 16 | F27: ХА-3183 | G27: =VLOOKUP(F27, 'Список товарів'!$A$2:$H$341, 2, FALSE) -> 10076 | H27: 1 | I27: 1524.2509 | J27: 1524.2509 | L27: 804.58 | M27: 43147 | N27: =VLOOKUP(G27, 'Список товарів'!$B$2:$D$341, 2, FALSE) -> Nike
A28: 100000105 | B28: 43147 | C28: 2018 | D28: 2 | E28: 16 | F28: ХА-3200 | G28: =VLOOKUP(F28, 'Список товарів'!$A$2:$H$341, 2, FALSE) -> 10093 | H28: 1 | I28: 603.30774 | J28: 603.30774 | L28: 339.08 | M28: 43147 | N28: =VLOOKUP(G28, 'Список товарів'!$B$2:$D$341, 2, FALSE) -> Adidas
A29: 100000105 | B29: 43147 | C29: 2018 | D29: 2 | E29: 16 | F29: ХА-3321 | G29: =VLOOKUP(F29, 'Список товарів'!$A$2:$H$341, 2, FALSE) -> 10214 | H29: 2 | I29: 226.2708 | J29: 452.5416 | L29: 275.52 | M29: 43147 | N29: =VLOOKUP(G29, 'Список товарів'!$B$2:$D$341, 2, FALSE) -> Puma
A30: 100000105 | B30: 43147 | C30: 2018 | D30: 2 | E30: 16 | F30: ХА-3170 | G30: =VLOOKUP(F30, 'Список товарів'!$A$2:$H$341, 2, FALSE) -> 10063 | H30: 1 | I30: 1279.9441 | J30: 1279.9441 | L30: 555.21 | M30: 43147 | N30: =VLOOKUP(G30, 'Список товарів'!$B$2:$D$341, 2, FALSE) -> Nike
A31: 100000110 | B31: 43162 | C31: 2018 | D31: 3 | E31: 3 | F31: ХА-3195 | G31: =VLOOKUP(F31, 'Список товарів'!$A$2:$H$341, 2, FALSE) -> 10088 | H31: 1 | I31: 3241.26 | J31: 3241.26 | L31: 1473.3 | M31: 43162 | N31: =VLOOKUP(G31, 'Список товарів'!$B$2:$D$341, 2, FALSE) -> Adidas
A32: 100000110 | B32: 43162 | C32: 2018 | D32: 3 | E32: 3 | F32: ХА-3270 | G32: =VLOOKUP(F32, 'Список товарів'!$A$2:$H$341, 2, FALSE) -> 10163 | H32: 1 | I32: 1318.6912 | J32: 1318.6912 | L32: 763.42 | M32: 43162 | N32: =VLOOKUP(G32, 'Список товарів'!$B$2:$D$341, 2, FALSE) -> Adidas
A33: 100000110 | B33: 43162 | C33: 2018 | D33: 3 | E33: 3 | F33: ХА-3237 | G33: =VLOOKUP(F33, 'Список товарів'!$A$2:$H$341, 2, FALSE) -> 10130 | H33: 1 | I33: 109.6704 | J33: 109.6704 | L33: 60.48 | M33: 43162 | N33: =VLOOKUP(G33, 'Список товарів'!$B$2:$D$341, 2, FALSE) -> Adidas
A34: 100000110 | B34: 43162 | C34: 2018 | D34: 3 | E34: 3 | F34: ХА-3153 | G34: =VLOOKUP(F34, 'Список товарів'!$A$2:$H$341, 2, FALSE) -> 10046 | H34: 1 | I34: 410.06936 | J34: 410.06936 | L34: 200.55 | M34: 43162 | N34: =VLOOKUP(G34, 'Список товарів'!$B$2:$D$341, 2, FALSE) -> Nike
A35: 100000110 | B35: 43162 | C35: 2018 | D35: 3 | E35: 3 | F35: ХА-3176 | G35: =VLOOKUP(F35, 'Список товарів'!$A$2:$H$341, 2, FALSE) -> 10069 | H35: 1 | I35: 1266.2503 | J35: 1266.2503 | L35: 728.14 | M35: 43162 | N35: =VLOOKUP(G35, 'Список товарів'!$B$2:$D$341, 2, FALSE) -> Nike
... A39: 100000119 | B39: 42731 | C39: 2016 | D39: 12 | E39: 27 | F39: ХА-3386 | G39: =VLOOKUP(F39, 'Список товарів'!$A$2:$H$341, 2, FALSE) -> 10279 | H39: 1 | I39: 660.4542 | J39: 660.4542 | L39: 333.9 | M39: 42731 | N39: =VLOOKUP(G39, 'Список товарів'!$B$2:$D$341, 2, FALSE) -> Reebok
A40: 100000134 | B40: 43000 | C40: 2017 | D40: 9 | E40: 22 | F40: ХА-3256 | G40: =VLOOKUP(F40, 'Список товарів'!$A$2:$H$341, 2, FALSE) -> 10149 | H40: 1 | I40: 1845.299 | J40: 1845.299 | K40: ПІБ 1051 | L40: 1002.82 | M40: 43005 | N40: =VLOOKUP(G40, 'Список товарів'!$B$2:$D$341, 2, FALSE) -> Adidas
A41: 100000146 | B41: 43095 | C41: 2017 | D41: 12 | E41: 26 | F41: ХА-3224 | G41: =VLOOKUP(F41, 'Список товарів'!$A$2:$H$341, 2, FALSE) -> 10117 | H41: 1 | I41: 86.94 | J41: 86.94 | L41: 47.25 | M41: 43095 | N41: =VLOOKUP(G41, 'Список товарів'!$B$2:$D$341, 2, FALSE) -> Adidas
A42: 100000146 | B42: 43095 | C42: 2017 | D42: 12 | E42: 26 | F42: ХА-3280 | G42: =VLOOKUP(F42, 'Список товарів'!$A$2:$H$341, 2, FALSE) -> 10173 | H42: 1 | I42: 2124.2798 | J42: 2124.2798 | L42: 1906.05 | M42: 43095 | N42: =VLOOKUP(G42, 'Список товарів'!$B$2:$D$341, 2, FALSE) -> Puma
A43: 100000146 | B43: 43095 | C43: 2017 | D43: 12 | E43: 26 | F43: ХА-3232 | G43: =VLOOKUP(F43, 'Список товарів'!$A$2:$H$341, 2, FALSE) -> 10125 | H43: 1 | I43: 230.0672 | J43: 230.0672 | L43: 147.44 | M43: 43095 | N43: =VLOOKUP(G43, 'Список товарів'!$B$2:$D$341, 2, FALSE) -> Adidas
A44: 100000146 | B44: 43095 | C44: 2017 | D44: 12 | E44: 26 | F44: ХА-3186 | G44: =VLOOKUP(F44, 'Список товарів'!$A$2:$H$341, 2, FALSE) -> 10079 | H44: 1 | I44: 1739.1629 | J44: 1739.1629 | L44: 779.22 | M44: 43095 | N44: =VLOOKUP(G44, 'Список товарів'!$B$2:$D$341, 2, FALSE) -> Nike
A45: 100000146 | B45: 43095 | C45: 2017 | D45: 12 | E45: 26 | F45: ХА-3322 | G45: =VLOOKUP(F45, 'Список товарів'!$A$2:$H$341, 2, FALSE) -> 10215 | H45: 1 | I45: 432.77978 | J45: 432.77978 | L45: 282.7 | M45: 43095 | N45: =VLOOKUP(G45, 'Список товарів'!$B$2:$D$341, 2, FALSE) -> Puma
A46: 100000149 | B46: 43322 | C46: 2018 | D46: 8 | E46: 10 | F46: ХА-3394 | G46: =VLOOKUP(F46, 'Список товарів'!$A$2:$H$341, 2, FALSE) -> 10287 | H46: 1 | I46: 114.1254 | J46: 114.1254 | L46: 47.94 | M46: 43326 | N46: =VLOOKUP(G46, 'Список товарів'!$B$2:$D$341, 2, FALSE) -> Reebok
A47: 100000149 | B47: 43322 | C47: 2018 | D47: 8 | E47: 10 | F47: ХА-3233 | G47: =VLOOKUP(F47, 'Список товарів'!$A$2:$H$341, 2, FALSE) -> 10126 | H47: 1 | I47: 299.439 | J47: 299.439 | L47: 204.75 | M47: 43326 | N47: =VLOOKUP(G47, 'Список товарів'!$B$2:$D$341, 2, FALSE) -> Adidas
A48: 100000155 | B48: 43059 | C48: 2017 | D48: 11 | E48: 20 | F48: ХА-3211 | G48: =VLOOKUP(F48, 'Список товарів'!$A$2:$H$341, 2, FALSE) -> 10104 | H48: 1 | I48: 3296.1576 | J48: 3296.1576 | L48: 2037.6 | M48: 43063 | N48: =VLOOKUP(G48, 'Список товарів'!$B$2:$D$341, 2, FALSE) -> Adidas
A49: 100000194 | B49: 42710 | C49: 2016 | D49: 12 | E49: 6 | F49: ХА-3387 | G49: =VLOOKUP(F49, 'Список товарів'!$A$2:$H$341, 2, FALSE) -> 10280 | H49: 1 | I49: 479.52 | J49: 479.52 | L49: 234 | M49: 42710 | N49: =VLOOKUP(G49, 'Список товарів'!$B$2:$D$341, 2, FALSE) -> Reebok
A50: 100000194 | B50: 42710 | C50: 2016 | D50: 12 | E50: 6 | F50: ХА-3128 | G50: =VLOOKUP(F50, 'Список товарів'!$A$2:$H$341, 2, FALSE) -> 10021 | H50: 1 | I50: 558.272 | J50: 558.272 | L50: 253 | M50: 42710 | N50: =VLOOKUP(G50, 'Список товарів'!$B$2:$D$341, 2, FALSE) -> Nike
A51: 100000194 | B51: 42710 | C51: 2016 | D51: 12 | E51: 6 | F51: ХА-3306 | G51: =VLOOKUP(F51, 'Список товарів'!$A$2:$H$341, 2, FALSE) -> 10199 | H51: 1 | I51: 299.8904 | J51: 299.8904 | L51: 202.95 | M51: 42710 | N51: =VLOOKUP(G51, 'Список товарів'!$B$2:$D$341, 2, FALSE) -> Puma
A52: 100000221 | B52: 42942 | C52: 2017 | D52: 7 | E52: 26 | F52: ХА-3145 | G52: =VLOOKUP(F52, 'Список товарів'!$A$2:$H$341, 2, FALSE) -> 10038 | H52: 1 | I52: 530.42496 | J52: 530.42496 | L52: 222.78 | M52: 42942 | N52: =VLOOKUP(G52, 'Список товарів'!$B$2:$D$341, 2, FALSE) -> Nike
A53: 100000223 | B53: 43315 | C53: 2018 | D53: 8 | E53: 3 | F53: ХА-3342 | G53: =VLOOKUP(F53, 'Список товарів'!$A$2:$H$341, 2, FALSE) -> 10235 | H53: 1 | I53: 1006.577 | J53: 1006.577 | K53: ПІБ 280 | L53: 1010.9 | M53: 43315 | N53: =VLOOKUP(G53, 'Список товарів'!$B$2:$D$341, 2, FALSE) -> Puma
A54: 100000224 | B54: 42944 | C54: 2017 | D54: 7 | E54: 28 | F54: ХА-3223 | G54: =VLOOKUP(F54, 'Список товарів'!$A$2:$H$341, 2, FALSE) -> 10116 | H54: 2 | I54: 59.241 | J54: 118.482 | K54: ПІБ 823 | L54: 73.16 | M54: 42949 | N54: =VLOOKUP(G54, 'Список товарів'!$B$2:$D$341, 2, FALSE) -> Adidas
A55: 100000224 | B55: 42944 | C55: 2017 | D55: 7 | E55: 28 | F55: ХА-3303 | G55: =VLOOKUP(F55, 'Список товарів'!$A$2:$H$341, 2, FALSE) -> 10196 | H55: 1 | I55: 629.4912 | J55: 629.4912 | K55: ПІБ 823 | L55: 409.5 | M55: 42949 | N55: =VLOOKUP(G55, 'Список товарів'!$B$2:$D$341, 2, FALSE) -> Puma
A56: 100000224 | B56: 42944 | C56: 2017 | D56: 7 | E56: 28 | F56: ХА-3247 | G56: =VLOOKUP(F56, 'Список товарів'!$A$2:$H$341, 2, FALSE) -> 10140 | H56: 2 | I56: 505.89 | J56: 1011.78 | K56: ПІБ 823 | L56: 429.24 | M56: 42949 | N56: =VLOOKUP(G56, 'Список товарів'!$B$2:$D$341, 2, FALSE) -> Adidas
A57: 100000228 | B57: 42800 | C57: 2017 | D57: 3 | E57: 6 | F57: ХА-3234 | G57: =VLOOKUP(F57, 'Список товарів'!$A$2:$H$341, 2, FALSE) -> 10127 | H57: 1 | I57: 655.9488 | J57: 655.9488 | L57: 335.8 | M57: 42800 | N57: =VLOOKUP(G57, 'Список товарів'!$B$2:$D$341, 2, FALSE) -> Adidas
A58: 100000228 | B58: 42800 | C58: 2017 | D58: 3 | E58: 6 | F58: ХА-3437 | G58: =VLOOKUP(F58, 'Список товарів'!$A$2:$H$341, 2, FALSE) -> 10330 | H58: 2 | I58: 537.82344 | J58: 1075.6469 | L58: 574.56 | M58: 42800 | N58: =VLOOKUP(G58, 'Список товарів'!$B$2:$D$341, 2, FALSE) -> Reebok
A59: 100000255 | B59: 42459 | C59: 2016 | D59: 3 | E59: 30 | F59: ХА-3294 | G59: =VLOOKUP(F59, 'Список товарів'!$A$2:$H$341, 2, FALSE) -> 10187 | H59: 1 | I59: 3299.6429 | J59: 3299.6429 | L59: 1910.08 | M59: 42459 | N59: =VLOOKUP(G59, 'Список товарів'!$B$2:$D$341, 2, FALSE) -> Puma
A60: 100000259 | B60: 42427 | C60: 2016 | D60: 2 | E60: 27 | F60: ХА-3256 | G60: =VLOOKUP(F60, 'Список товарів'!$A$2:$H$341, 2, FALSE) -> 10149 | H60: 1 | I60: 2192.6494 | J60: 2192.6494 | L60: 1102 | M60: 42427 | N60: =VLOOKUP(G60, 'Список товарів'!$B$2:$D$341, 2, FALSE) -> Adidas
A61: 100000280 | B61: 42579 | C61: 2016 | D61: 7 | E61: 28 | F61: ХА-3314 | G61: =VLOOKUP(F61, 'Список товарів'!$A$2:$H$341, 2, FALSE) -> 10207 | H61: 1 | I61: 208.3312 | J61: 208.3312 | L61: 145.6 | M61: 42583 | N61: =VLOOKUP(G61, 'Список товарів'!$B$2:$D$341, 2, FALSE) -> Puma
A62: 100000280 | B62: 42579 | C62: 2016 | D62: 7 | E62: 28 | F62: ХА-3289 | G62: =VLOOKUP(F62, 'Список товарів'!$A$2:$H$341, 2, FALSE) -> 10182 | H62: 2 | I62: 4825.9277 | J62: 9651.8554 | L62: 5166.24 | M62: 42583 | N62: =VLOOKUP(G62, 'Список товарів'!$B$2:$D$341, 2, FALSE) -> Puma
A63: 100000280 | B63: 42579 | C63: 2016 | D63: 7 | E63: 28 | F63: ХА-3248 | G63: =VLOOKUP(F63, 'Список товарів'!$A$2:$H$341, 2, FALSE) -> 10141 | H63: 1 | I63: 490.4064 | J63: 490.4064 | L63: 265.74 | M63: 42583 | N63: =VLOOKUP(G63, 'Список товарів'!$B$2:$D$341, 2, FALSE) -> Adidas
A64: 100000284 | B64: 42494 | C64: 2016 | D64: 5 | E64: 4 | F64: ХА-3411 | G64: =VLOOKUP(F64, 'Список товарів'!$A$2:$H$341, 2, FALSE) -> 10304 | H64: 1 | I64: 636.272 | J64: 636.272 | L64: 418 | M64: 42494 | N64: =VLOOKUP(G64, 'Список товарів'!$B$2:$D$341, 2, FALSE) -> Reebok
A65: 100000284 | B65: 42494 | C65: 2016 | D65: 5 | E65: 4 | F65: ХА-3303 | G65: =VLOOKUP(F65, 'Список товарів'!$A$2:$H$341, 2, FALSE) -> 10196 | H65: 1 | I65: 628.84224 | J65: 628.84224 | L65: 417.3 | M65: 42494 | N65: =VLOOKUP(G65, 'Список товарів'!$B$2:$D$341, 2, FALSE) -> Puma
A66: 100000284 | B66: 42494 | C66: 2016 | D66: 5 | E66: 4 | F66: ХА-3135 | G66: =VLOOKUP(F66, 'Список товарів'!$A$2:$H$341, 2, FALSE) -> 10028 | H66: 1 | I66: 1054.1093 | J66: 1054.1093 | L66: 482.51 | M66: 42494 | N66: =VLOOKUP(G66, 'Список товарів'!$B$2:$D$341, 2, FALSE) -> Nike
A67: 100000284 | B67: 42494 | C67: 2016 | D67: 5 | E67: 4 | F67: ХА-3170 | G67: =VLOOKUP(F67, 'Список товарів'!$A$2:$H$341, 2, FALSE) -> 10063 | H67: 1 | I67: 1322.1401 | J67: 1322.1401 | L67: 597 | M67: 42494 | N67: =VLOOKUP(G67, 'Список товарів'!$B$2:$D$341, 2, FALSE) -> Nike
A68: 100000284 | B68: 42494 | C68: 2016 | D68: 5 | E68: 4 | F68: ХА-3359 | G68: =VLOOKUP(F68, 'Список товарів'!$A$2:$H$341, 2, FALSE) -> 10252 | H68: 1 | I68: 676.498 | J68: 676.498 | L68: 386.75 | M68: 42494 | N68: =VLOOKUP(G68, 'Список товарів'!$B$2:$D$341, 2, FALSE) -> Puma
A69: 100000286 | B69: 42408 | C69: 2016 | D69: 2 | E69: 8 | F69: ХА-3391 | G69: =VLOOKUP(F69, 'Список товарів'!$A$2:$H$341, 2, FALSE) -> 10284 | H69: 1 | I69: 399.21882 | J69: 399.21882 | K69: ПІБ 904 | L69: 245.31 | M69: 42413 | N69: =VLOOKUP(G69, 'Список товарів'!$B$2:$D$341, 2, FALSE) -> Reebok
A70: 100000286 | B70: 42408 | C70: 2016 | D70: 2 | E70: 8 | F70: ХА-3167 | G70: =VLOOKUP(F70, 'Список товарів'!$A$2:$H$341, 2, FALSE) -> 10060 | H70: 1 | I70: 784.036 | J70: 784.036 | K70: ПІБ 904 | L70: 318.32 | M70: 42413 | N70: =VLOOKUP(G70, 'Список товарів'!$B$2:$D$341, 2, FALSE) -> Nike
A71: 100000286 | B71: 42408 | C71: 2016 | D71: 2 | E71: 8 | F71: ХА-3182 | G71: =VLOOKUP(F71, 'Список товарів'!$A$2:$H$341, 2, FALSE) -> 10075 | H71: 1 | I71: 2146.3552 | J71: 2146.3552 | K71: ПІБ 904 | L71: 791.04 | M71: 42413 | N71: =VLOOKUP(G71, 'Список товарів'!$B$2:$D$341, 2, FALSE) -> Nike
A72: 100000292 | B72: 42515 | C72: 2016 | D72: 5 | E72: 25 | F72: ХА-3293 | G72: =VLOOKUP(F72, 'Список товарів'!$A$2:$H$341, 2, FALSE) -> 10186 | H72: 1 | I72: 3294.7596 | J72: 3294.7596 | L72: 2559.45 | M72: 42520 | N72: =VLOOKUP(G72, 'Список товарів'!$B$2:$D$341, 2, FALSE) -> Puma
A73: 100000294 | B73: 42823 | C73: 2017 | D73: 3 | E73: 29 | F73: ХА-3261 | G73: =VLOOKUP(F73, 'Список товарів'!$A$2:$H$341, 2, FALSE) -> 10154 | H73: 2 | I73: 2254.6836 | J73: 4509.3672 | L73: 1895.4 | M73: 42823 | N73: =VLOOKUP(G73, 'Список товарів'!$B$2:$D$341, 2, FALSE) -> Adidas
A74: 100000294 | B74: 42823 | C74: 2017 | D74: 3 | E74: 29 | F74: ХА-3301 | G74: =VLOOKUP(F74, 'Список товарів'!$A$2:$H$341, 2, FALSE) -> 10194 | H74: 1 | I74: 239.274 | J74: 239.274 | L74: 137.7 | M74: 42823 | N74: =VLOOKUP(G74, 'Список товарів'!$B$2:$D$341, 2, FALSE) -> Puma
A75: 100000294 | B75: 42823 | C75: 2017 | D75: 3 | E75: 29 | F75: ХА-3184 | G75: =VLOOKUP(F75, 'Список товарів'!$A$2:$H$341, 2, FALSE) -> 10077 | H75: 1 | I75: 2217.6115 | J75: 2217.6115 | L75: 1042.44 | M75: 42823 | N75: =VLOOKUP(G75, 'Список товарів'!$B$2:$D$341, 2, FALSE) -> Nike
A76: 100000314 | B76: 42633 | C76: 2016 | D76: 9 | E76: 20 | F76: ХА-3166 | G76: =VLOOKUP(F76, 'Список товарів'!$A$2:$H$341, 2, FALSE) -> 10059 | H76: 2 | I76: 483.14 | J76: 966.28 | L76: 578.2 | M76: 42633 | N76: =VLOOKUP(G76, 'Список товарів'!$B$2:$D$341, 2, FALSE) -> Nike
A77: 100000314 | B77: 42633 | C77: 2016 | D77: 9 | E77: 20 | F77: ХА-3323 | G77: =VLOOKUP(F77, 'Список товарів'!$A$2:$H$341, 2, FALSE) -> 10216 | H77: 1 | I77: 594.33472 | J77: 594.33472 | L77: 393.76 | M77: 42633 | N77: =VLOOKUP(G77, 'Список товарів'!$B$2:$D$341, 2, FALSE) -> Puma
A78: 100000326 | B78: 43344 | C78: 2018 | D78: 9 | E78: 1 | F78: ХА-3268 | G78: =VLOOKUP(F78, 'Список товарів'!$A$2:$H$341, 2, FALSE) -> 10161 | H78: 1 | I78: 593.54014 | J78: 593.54014 | K78: ПІБ 943 | L78: 386.88 | M78: 43346 | N78: =VLOOKUP(G78, 'Список товарів'!$B$2:$D$341, 2, FALSE) -> Adidas
A79: 100000326 | B79: 43344 | C79: 2018 | D79: 9 | E79: 1 | F79: ХА-3445 | G79: =VLOOKUP(F79, 'Список товарів'!$A$2:$H$341, 2, FALSE) -> 10338 | H79: 1 | I79: 1272.0636 | J79: 1272.0636 | K79: ПІБ 943 | L79: 483.21 | M79: 43346 | N79: =VLOOKUP(G79, 'Список товарів'!$B$2:$D$341, 2, FALSE) -> Reebok
A80: 100000360 | B80: 43007 | C80: 2017 | D80: 9 | E80: 29 | F80: ХА-3128 | G80: =VLOOKUP(F80, 'Список товарів'!$A$2:$H$341, 2, FALSE) -> 10021 | H80: 1 | I80: 535.94112 | J80: 535.94112 | L80: 202.4 | M80: 43009 | N80: =VLOOKUP(G80, 'Список товарів'!$B$2:$D$341, 2, FALSE) -> Nike
A81: 100000367 | B81: 42536 | C81: 2016 | D81: 6 | E81: 15 | F81: ХА-3439 | G81: =VLOOKUP(F81, 'Список товарів'!$A$2:$H$341, 2, FALSE) -> 10332 | H81: 1 | I81: 1623.683 | J81: 1623.683 | L81: 977.91 | M81: 42536 | N81: =VLOOKUP(G81, 'Список товарів'!$B$2:$D$341, 2, FALSE) -> Reebok
A82: 100000367 | B82: 42536 | C82: 2016 | D82: 6 | E82: 15 | F82: ХА-3353 | G82: =VLOOKUP(F82, 'Список товарів'!$A$2:$H$341, 2, FALSE) -> 10246 | H82: 1 | I82: 235.296 | J82: 235.296 | L82: 136.8 | M82: 42536 | N82: =VLOOKUP(G82, 'Список товарів'!$B$2:$D$341, 2, FALSE) -> Puma
A83: 100000412 | B83: 42819 | C83: 2017 | D83: 3 | E83: 25 | F83: ХА-3222 | G83: =VLOOKUP(F83, 'Список товарів'!$A$2:$H$341, 2, FALSE) -> 10115 | H83: 1 | I83: 294.6944 | J83: 294.6944 | K83: ПІБ 140 | L83: 193.2 | M83: 42819 | N83: =VLOOKUP(G83, 'Список товарів'!$B$2:$D$341, 2, FALSE) -> Adidas
A84: 100000416 | B84: 43175 | C84: 2018 | D84: 3 | E84: 16 | F84: ХА-3150 | G84: =VLOOKUP(F84, 'Список товарів'!$A$2:$H$341, 2, FALSE) -> 10043 | H84: 1 | I84: 285.648 | J84: 285.648 | L84: 186.45 | M84: 43179 | N84: =VLOOKUP(G84, 'Список товарів'!$B$2:$D$341, 2, FALSE) -> Nike
A85: 100000419 | B85: 42755 | C85: 2017 | D85: 1 | E85: 20 | F85: ХА-3153 | G85: =VLOOKUP(F85, 'Список товарів'!$A$2:$H$341, 2, FALSE) -> 10046 | H85: 1 | I85: 466.78108 | J85: 466.78108 | K85: ПІБ 579 | L85: 196.73 | M85: 42757 | N85: =VLOOKUP(G85, 'Список товарів'!$B$2:$D$341, 2, FALSE) -> Nike
A86: 100000443 | B86: 43307 | C86: 2018 | D86: 7 | E86: 26 | F86: ХА-3257 | G86: =VLOOKUP(F86, 'Список товарів'!$A$2:$H$341, 2, FALSE) -> 10150 | H86: 1 | I86: 878.712 | J86: 878.712 | L86: 747.3 | M86: 43307 | N86: =VLOOKUP(G86, 'Список товарів'!$B$2:$D$341, 2, FALSE) -> Adidas
A87: 100000445 | B87: 43113 | C87: 2018 | D87: 1 | E87: 13 | F87: ХА-3213 | G87: =VLOOKUP(F87, 'Список товарів'!$A$2:$H$341, 2, FALSE) -> 10106 | H87: 1 | I87: 315.84555 | J87: 315.84555 | L87: 186.03 | M87: 43113 | N87: =VLOOKUP(G87, 'Список товарів'!$B$2:$D$341, 2, FALSE) -> Adidas
A88: 100000448 | B88: 42647 | C88: 2016 | D88: 10 | E88: 4 | F88: ХА-3261 | G88: =VLOOKUP(F88, 'Список товарів'!$A$2:$H$341, 2, FALSE) -> 10154 | H88: 2 | I88: 2318.4954 | J88: 4636.9908 | L88: 2464.02 | M88: 42651 | N88: =VLOOKUP(G88, 'Список товарів'!$B$2:$D$341, 2, FALSE) -> Adidas
A89: 100000448 | B89: 42647 | C89: 2016 | D89: 10 | E89: 4 | F89: ХА-3134 | G89: =VLOOKUP(F89, 'Список товарів'!$A$2:$H$341, 2, FALSE) -> 10027 | H89: 1 | I89: 374.5364 | J89: 374.5364 | L89: 187.15 | M89: 42651 | N89: =VLOOKUP(G89, 'Список товарів'!$B$2:$D$341, 2, FALSE) -> Nike
A90: 100000502 | B90: 42947 | C90: 2017 | D90: 7 | E90: 31 | F90: ХА-3268 | G90: =VLOOKUP(F90, 'Список товарів'!$A$2:$H$341, 2, FALSE) -> 10161 | H90: 2 | I90: 665.4708 | J90: 1330.9416 | L90: 810.96 | M90: 42952 | N90: =VLOOKUP(G90, 'Список товарів'!$B$2:$D$341, 2, FALSE) -> Adidas
A91: 100000508 | B91: 42454 | C91: 2016 | D91: 3 | E91: 25 | F91: ХА-3331 | G91: =VLOOKUP(F91, 'Список товарів'!$A$2:$H$341, 2, FALSE) -> 10224 | H91: 1 | I91: 269.9648 | J91: 269.9648 | K91: ПІБ 622 | L91: 127.07 | M91: 42454 | N91: =VLOOKUP(G91, 'Список товарів'!$B$2:$D$341, 2, FALSE) -> Puma
A92: 100000526 | B92: 42617 | C92: 2016 | D92: 9 | E92: 4 | F92: ХА-3344 | G92: =VLOOKUP(F92, 'Список товарів'!$A$2:$H$341, 2, FALSE) -> 10237 | H92: 1 | I92: 1366.1472 | J92: 1366.1472 | L92: 738.17 | M92: 42617 | N92: =VLOOKUP(G92, 'Список товарів'!$B$2:$D$341, 2, FALSE) -> Puma
A93: 100000535 | B93: 43213 | C93: 2018 | D93: 4 | E93: 23 | F93: ХА-3435 | G93: =VLOOKUP(F93, 'Список товарів'!$A$2:$H$341, 2, FALSE) -> 10328 | H93: 1 | I93: 510.2508 | J93: 510.2508 | L93: 293.82 | M93: 43213 | N93: =VLOOKUP(G93, 'Список товарів'!$B$2:$D$341, 2, FALSE) -> Reebok
A94: 100000559 | B94: 42849 | C94: 2017 | D94: 4 | E94: 24 | F94: ХА-3386 | G94: =VLOOKUP(F94, 'Список товарів'!$A$2:$H$341, 2, FALSE) -> 10279 | H94: 1 | I94: 585.65392 | J94: 585.65392 | K94: ПІБ 372 | L94: 359.87 | M94: 42849 | N94: =VLOOKUP(G94, 'Список товарів'!$B$2:$D$341, 2, FALSE) -> Reebok
A95: 100000559 | B95: 42849 | C95: 2017 | D95: 4 | E95: 24 | F95: ХА-3173 | G95: =VLOOKUP(F95, 'Список товарів'!$A$2:$H$341, 2, FALSE) -> 10066 | H95: 1 | I95: 2312.2483 | J95: 2312.2483 | K95: ПІБ 372 | L95: 1030.56 | M95: 42849 | N95: =VLOOKUP(G95, 'Список товарів'!$B$2:$D$341, 2, FALSE) -> Nike
A96: 100000559 | B96: 42849 | C96: 2017 | D96: 4 | E96: 24 | F96: ХА-3216 | G96: =VLOOKUP(F96, 'Список товарів'!$A$2:$H$341, 2, FALSE) -> 10109 | H96: 2 | I96: 549.47531 | J96: 1098.9506 | K96: ПІБ 372 | L96: 571.16 | M96: 42849 | N96: =VLOOKUP(G96, 'Список товарів'!$B$2:$D$341, 2, FALSE) -> Adidas
A97: 100000564 | B97: 42770 | C97: 2017 | D97: 2 | E97: 4 | F97: ХА-3155 | G97: =VLOOKUP(F97, 'Список товарів'!$A$2:$H$341, 2, FALSE) -> 10048 | H97: 1 | I97: 420.79672 | J97: 420.79672 | L97: 274.32 | M97: 42772 | N97: =VLOOKUP(G97, 'Список товарів'!$B$2:$D$341, 2, FALSE) -> Nike
A98: 100000564 | B98: 42770 | C98: 2017 | D98: 2 | E98: 4 | F98: ХА-3270 | G98: =VLOOKUP(F98, 'Список товарів'!$A$2:$H$341, 2, FALSE) -> 10163 | H98: 1 | I98: 1247.0232 | J98: 1247.0232 | L98: 810.16 | M98: 42772 | N98: =VLOOKUP(G98, 'Список товарів'!$B$2:$D$341, 2, FALSE) -> Adidas
A99: 100000564 | B99: 42770 | C99: 2017 | D99: 2 | E99: 4 | F99: ХА-3341 | G99: =VLOOKUP(F99, 'Список товарів'!$A$2:$H$341, 2, FALSE) -> 10234 | H99: 1 | I99: 408.672 | J99: 408.672 | L99: 242.52 | M99: 42772 | N99: =VLOOKUP(G99, 'Список товарів'!$B$2:$D$341, 2, FALSE) -> Puma
A100: 100000564 | B100: 42770 | C100: 2017 | D100: 2 | E100: 4 | F100: ХА-3276 | G100: =VLOOKUP(F100, 'Список товарів'!$A$2:$H$341, 2, FALSE) -> 10169 | H100: 1 | I100: 589.372 | J100: 589.372 | L100: 359.6 | M100: 42772 | N100: =VLOOKUP(G100, 'Список товарів'!$B$2:$D$341, 2, FALSE) -> Adidas
A101: 100000564 | B101: 42770 | C101: 2017 | D101: 2 | E101: 4 | F101: ХА-3417 | G101: =VLOOKUP(F101, 'Список товарів'!$A$2:$H$341, 2, FALSE) -> 10310 | H101: 1 | I101: 318.1033 | J101: 318.1033 | L101: 170.64 | M101: 42772 | N101: =VLOOKUP(G101, 'Список товарів'!$B$2:$D$341, 2, FALSE) -> Reebok
A102: 100000578 | B102: 43111 | C102: 2018 | D102: 1 | E102: 11 | F102: ХА-3366 | G102: =VLOOKUP(F102, 'Список товарів'!$A$2:$H$341, 2, FALSE) -> 10259 | H102: 1 | I102: 3006.8172 | J102: 3006.8172 | L102: 1717 | M102: 43111 | N102: =VLOOKUP(G102, 'Список товарів'!$B$2:$D$341, 2, FALSE) -> Reebok
A103: 100000578 | B103: 43111 | C103: 2018 | D103: 1 | E103: 11 | F103: ХА-3334 | G103: =VLOOKUP(F103, 'Список товарів'!$A$2:$H$341, 2, FALSE) -> 10227 | H103: 1 | I103: 653.14656 | J103: 653.14656 | L103: 400.67 | M103: 43111 | N103: =VLOOKUP(G103, 'Список товарів'!$B$2:$D$341, 2, FALSE) -> Puma
A104: 100000601 | B104: 43070 | C104: 2017 | D104: 12 | E104: 1 | F104: ХА-3242 | G104: =VLOOKUP(F104, 'Список товарів'!$A$2:$H$341, 2, FALSE) -> 10135 | H104: 2 | I104: 685.4544 | J104: 1370.9088 | L104: 819.18 | M104: 43070 | N104: =VLOOKUP(G104, 'Список товарів'!$B$2:$D$341, 2, FALSE) -> Adidas
A105: 100000622 | B105: 42818 | C105: 2017 | D105: 3 | E105: 24 | F105: ХА-3298 | G105: =VLOOKUP(F105, 'Список товарів'!$A$2:$H$341, 2, FALSE) -> 10191 | H105: 1 | I105: 239.46336 | J105: 239.46336 | K105: ПІБ 1252 | L105: 157.68 | M105: 42818 | N105: =VLOOKUP(G105, 'Список товарів'!$B$2:$D$341, 2, FALSE) -> Puma
A106: 100000622 | B106: 42818 | C106: 2017 | D106: 3 | E106: 24 | F106: ХА-3151 | G106: =VLOOKUP(F106, 'Список товарів'!$A$2:$H$341, 2, FALSE) -> 10044 | H106: 1 | I106: 499.63536 | J106: 499.63536 | K106: ПІБ 1252 | L106: 294.84 | M106: 42818 | N106: =VLOOKUP(G106, 'Список товарів'!$B$2:$D$341, 2, FALSE) -> Nike
A107: 100000622 | B107: 42818 | C107: 2017 | D107: 3 | E107: 24 | F107: ХА-3241 | G107: =VLOOKUP(F107, 'Список товарів'!$A$2:$H$341, 2, FALSE) -> 10134 | H107: 1 | I107: 579.672 | J107: 579.672 | K107: ПІБ 1252 | L107: 380.24 | M107: 42818 | N107: =VLOOKUP(G107, 'Список товарів'!$B$2:$D$341, 2, FALSE) -> Adidas
A108: 100000622 | B108: 42818 | C108: 2017 | D108: 3 | E108: 24 | F108: ХА-3368 | G108: =VLOOKUP(F108, 'Список товарів'!$A$2:$H$341, 2, FALSE) -> 10261 | H108: 1 | I108: 2081.0437 | J108: 2081.0437 | K108: ПІБ 1252 | L108: 1133.14 | M108: 42818 | N108: =VLOOKUP(G108, 'Список товарів'!$B$2:$D$341, 2, FALSE) -> Reebok
A109: 100000622 | B109: 42818 | C109: 2017 | D109: 3 | E109: 24 | F109: ХА-3211 | G109: =VLOOKUP(F109, 'Список товарів'!$A$2:$H$341, 2, FALSE) -> 10104 | H109: 1 | I109: 4084.3692 | J109: 4084.3692 | K109: ПІБ 1252 | L109: 1579.14 | M109: 42818 | N109: =VLOOKUP(G109, 'Список товарів'!$B$2:$D$341, 2, FALSE) -> Adidas
...

Sheet Список магазинів
A1: ID магазину | B1: Назва магазину | C1: Місто | D1: Координати, широта | E1: Координати, довгота | F1: Площа, кв.м. | G1: Кількість продавців
A2: 1 | B2: Київ Центральний №1 | C2: Київ | D2: 50.440561 | E2: 30.522595 | F2: 101 | G2: 2
A3: 2 | B3: Київ Поділ №2 | C3: Київ | D3: 50.460275 | E3: 30.628835 | F3: 210 | G3: 5
A4: 3 | B4: Київ Осокорки №3 | C4: Київ | D4: 50.4041 | E4: 30.561468 | F4: 240 | G4: 6
A5: 4 | B5: Київ Позняки №4 | C5: Київ | D5: 50.433236 | E5: 30.532072 | F5: 226 | G5: 6
A6: 5 | B6: Київ ЦУМ №5 | C6: Київ | D6: 50.50522 | E6: 30.458173 | F6: 125 | G6: 3
A7: 6 | B7: Київ №6 | C7: Київ | D7: 50.411125 | E7: 30.383865 | F7: 187 | G7: 4
A8: 7 | B8: Київ №7 | C8: Київ | D8: 50.398375 | E8: 30.635775 | F8: 165 | G8: 4
A9: 8 | B9: Дніпро Короленко №8 | C9: Дніпро | D9: 48.462446 | E9: 35.049245 | F9: 115 | G9: 2
A10: 9 | B10: Дніпро Музей №9 | C10: Дніпро | D10: 48.464992 | E10: 35.028807 | F10: 192 | G10: 4
A11: 10 | B11: Харків №10 Проспект | C11: Харків | D11: 49.988384 | E11: 36.232701 | F11: 201 | G11: 3

Sheet Список товарів
A1: ID старий (по Харкову) | B1: ID новий | C1: Бренд | D1: Найменування товару | E1: Категорія товару | F1: Розмір | G1: Колір | H1: Стать
A2: ХА-3108 | B2: 10001 | C2: Nike | D2: Кросівки тип 1 | E2: Взуття | F2: 40 | G2: бежевий | H2: Чол.
A3: ХА-3109 | B3: 10002 | C3: Nike | D3: Кросівки тип 2 | E3: Взуття | F3: 39 | G3: чорний | H3: Чол.
A4: ХА-3110 | B4: 10003 | C4: Nike | D4: Кросівки тип 3 | E4: Взуття | F4: 40 | G4: білий | H4: Жін.
A5: ХА-3111 | B5: 10004 | C5: Nike | D5: Кросівки тип 4 | E5: Взуття | F5: 44 | G5: жовтий | H5: Чол.
A6: ХА-3112 | B6: 10005 | C6: Nike | D6: Кросівки тип 5 | E6: Взуття | F6: 42 | G6: чорний | H6: Чол.
A7: ХА-3113 | B7: 10006 | C7: Nike | D7: Кросівки тип 6 | E7: Взуття | F7: 40 | G7: білий | H7: Жін.
A8: ХА-3114 | B8: 10007 | C8: Nike | D8: Босоніжки тип 1 | E8: Взуття | F8: 43 | G8: білий | H8: Жін.
A9: ХА-3115 | B9: 10008 | C9: Nike | D9: Босоніжки тип 2 | E9: Взуття | F9: 40 | G9: бежевий | H9: Жін.
A10: ХА-3116 | B10: 10009 | C10: Nike | D10: Босоніжки тип 3 | E10: Взуття | F10: 37 | G10: білий | H10: Жін.
A11: ХА-3117 | B11: 10010 | C11: Nike | D11: Чоботи тип 1 | E11: Взуття | F11: 45 | G11: чорний | H11: Жін.
A12: ХА-3118 | B12: 10011 | C12: Nike | D12: Чоботи тип 2 | E12: Взуття | F12: 44 | G12: зелений | H12: Чол.
A13: ХА-3119 | B13: 10012 | C13: Nike | D13: Чоботи тип 3 | E13: Взуття | F13: 45 | G13: чорний | H13: Жін.
... A20: ХА-3126 | B20: 10019 | C20: Nike | D20: Туфлі тип 4 | E20: Взуття | F20: 39 | G20: чорний | H20: Жін.
A21: ХА-3127 | B21: 10020 | C21: Nike | D21: Ремінь тип 1 | E21: Аксесуари | F21: б/р | G21: бірюзовий | H21: Унісекс
A22: ХА-3128 | B22: 10021 | C22: Nike | D22: Ремінь тип 2 | E22: Аксесуари | F22: б/р | G22: чорний | H22: Унісекс
A23: ХА-3129 | B23: 10022 | C23: Nike | D23: Ремінь тип 3 | E23: Аксесуари | F23: б/р | G23: жовтий | H23: Унісекс
A24: ХА-3130 | B24: 10023 | C24: Nike | D24: Ремінь тип 4 | E24: Аксесуари | F24: б/р | G24: білий | H24: Унісекс
A25: ХА-3131 | B25: 10024 | C25: Nike | D25: Запонка тип 1 | E25: Аксесуари | F25: б/р | G25: зелений | H25: Унісекс
A26: ХА-3132 | B26: 10025 | C26: Nike | D26: Запонка тип 2 | E26: Аксесуари | F26: б/р | G26: зелений | H26: Унісекс
A27: ХА-3133 | B27: 10026 | C27: Nike | D27: Запонка тип 3 | E27: Аксесуари | F27: б/р | G27: чорний | H27: Унісекс
A28: ХА-3134 | B28: 10027 | C28: Nike | D28: Запонка тип 4 | E28: Аксесуари | F28: б/р | G28: червоний | H28: Унісекс
A29: ХА-3135 | B29: 10028 | C29: Nike | D29: Запонка тип 5 | E29: Аксесуари | F29: б/р | G29: чорний | H29: Унісекс
A30: ХА-3136 | B30: 10029 | C30: Nike | D30: Запонка тип 6 | E30: Аксесуари | F30: б/р | G30: червоний | H30: Унісекс
A31: ХА-3137 | B31: 10030 | C31: Nike | D31: Запонка тип 7 | E31: Аксесуари | F31: б/р | G31: чорний | H31: Унісекс
A32: ХА-3138 | B32: 10031 | C32: Nike | D32: М'ячик тип 1 | E32: Аксесуари | F32: б/р | G32: білий | H32: Унісекс
... A86: ХА-3192 | B86: 10085 | C86: Nike | D86: Сорочка тип 12 | E86: Верхній одяг | F86: S | G86: чорний | H86: Жін.
A87: ХА-3193 | B87: 10086 | C87: Adidas | D87: Кросівки тип 1 | E87: Взуття | F87: 39 | G87: чорний | H87: Жін.
A88: ХА-3194 | B88: 10087 | C88: Adidas | D88: Кросівки тип 2 | E88: Взуття | F88: 45 | G88: червоний | H88: Жін.
A89: ХА-3195 | B89: 10088 | C89: Adidas | D89: Кросівки тип 3 | E89: Взуття | F89: 40 | G89: чорний | H89: Чол.
A90: ХА-3196 | B90: 10089 | C90: Adidas | D90: Кросівки тип 4 | E90: Взуття | F90: 41 | G90: зелений | H90: Жін.
A91: ХА-3197 | B91: 10090 | C91: Adidas | D91: Кросівки тип 5 | E91: Взуття | F91: 41 | G91: чорний | H91: Жін.
A92: ХА-3198 | B92: 10091 | C92: Adidas | D92: Кросівки тип 6 | E92: Взуття | F92: 38 | G92: чорний | H92: Чол.
A93: ХА-3199 | B93: 10092 | C93: Adidas | D93: Босоніжки тип 1 | E93: Взуття | F93: 41 | G93: бежевий | H93: Чол.
A94: ХА-3200 | B94: 10093 | C94: Adidas | D94: Босоніжки тип 2 | E94: Взуття | F94: 39 | G94: чорний | H94: Жін.
A95: ХА-3201 | B95: 10094 | C95: Adidas | D95: Босоніжки тип 3 | E95: Взуття | F95: 43 | G95: червоний | H95: Жін.
A96: ХА-3202 | B96: 10095 | C96: Adidas | D96: Чоботи тип 1 | E96: Взуття | F96: 44 | G96: білий | H96: Жін.
A97: ХА-3203 | B97: 10096 | C97: Adidas | D97: Чоботи тип 2 | E97: Взуття | F97: 37 | G97: бірюзовий | H97: Жін.
A98: ХА-3204 | B98: 10097 | C98: Adidas | D98: Чоботи тип 3 | E98: Взуття | F98: 38 | G98: білий | H98: Чол.
... A105: ХА-3211 | B105: 10104 | C105: Adidas | D105: Туфлі тип 4 | E105: Взуття | F105: 41 | G105: червоний | H105: Жін.
A106: ХА-3212 | B106: 10105 | C106: Adidas | D106: Ремінь тип 1 | E106: Аксесуари | F106: б/р | G106: зелений | H106: Унісекс
A107: ХА-3213 | B107: 10106 | C107: Adidas | D107: Ремінь тип 2 | E107: Аксесуари | F107: б/р | G107: білий | H107: Унісекс
A108: ХА-3214 | B108: 10107 | C108: Adidas | D108: Ремінь тип 3 | E108: Аксесуари | F108: б/р | G108: чорний | H108: Унісекс
A109: ХА-3215 | B109: 10108 | C109: Adidas | D109: Ремінь тип 4 | E109: Аксесуари | F109: б/р | G109: червоний | H109: Унісекс
A110: ХА-3216 | B110: 10109 | C110: Adidas | D110: Запонка тип 1 | E110: Аксесуари | F110: б/р | G110: чорний | H110: Унісекс
A111: ХА-3217 | B111: 10110 | C111: Adidas | D111: Запонка тип 2 | E111: Аксесуари | F111: б/р | G111: чорний | H111: Унісекс
A112: ХА-3218 | B112: 10111 | C112: Adidas | D112: Запонка тип 3 | E112: Аксесуари | F112: б/р | G112: чорний | H112: Унісекс
A113: ХА-3219 | B113: 10112 | C113: Adidas | D113: Запонка тип 4 | E113: Аксесуари | F113: б/р | G113: білий | H113: Унісекс
A114: ХА-3220 | B114: 10113 | C114: Adidas | D114: Запонка тип 5 | E114: Аксесуари | F114: б/р | G114: чорний | H114: Унісекс
A115: ХА-3221 | B115: 10114 | C115: Adidas | D115: Запонка тип 6 | E115: Аксесуари | F115: б/р | G115: білий | H115: Унісекс
A116: ХА-3222 | B116: 10115 | C116: Adidas | D116: Запонка тип 7 | E116: Аксесуари | F116: б/р | G116: червоний | H116: Унісекс
A117: ХА-3223 | B117: 10116 | C117: Adidas | D117: М'ячик тип 1 | E117: Аксесуари | F117: б/р | G117: зелений | H117: Унісекс
... A171: ХА-3277 | B171: 10170 | C171: Adidas | D171: Сорочка тип 12 | E171: Верхній одяг | F171: M | G171: червоний | H171: Чол.
A172: ХА-3278 | B172: 10171 | C172: Puma | D172: Кросівки тип 1 | E172: Взуття | F172: 43 | G172: чорний | H172: Жін.
A173: ХА-3279 | B173: 10172 | C173: Puma | D173: Кросівки тип 2 | E173: Взуття | F173: 39 | G173: білий | H173: Жін.
A174: ХА-3280 | B174: 10173 | C174: Puma | D174: Кросівки тип 3 | E174: Взуття | F174: 38 | G174: білий | H174: Чол.
A175: ХА-3281 | B175: 10174 | C175: Puma | D175: Кросівки тип 4 | E175: Взуття | F175: 39 | G175: чорний | H175: Жін.
A176: ХА-3282 | B176: 10175 | C176: Puma | D176: Кросівки тип 5 | E176: Взуття | F176: 43 | G176: жовтий | H176: Жін.
A177: ХА-3283 | B177: 10176 | C177: Puma | D177: Кросівки тип 6 | E177: Взуття | F177: 41 | G177: бежевий | H177: Жін.
A178: ХА-3284 | B178: 10177 | C178: Puma | D178: Босоніжки тип 1 | E178: Взуття | F178: 44 | G178: білий | H178: Чол.
A179: ХА-3285 | B179: 10178 | C179: Puma | D179: Босоніжки тип 2 | E179: Взуття | F179: 37 | G179: чорний | H179: Жін.
A180: ХА-3286 | B180: 10179 | C180: Puma | D180: Босоніжки тип 3 | E180: Взуття | F180: 38 | G180: бежевий | H180: Чол.
A181: ХА-3287 | B181: 10180 | C181: Puma | D181: Чоботи тип 1 | E181: Взуття | F181: 43 | G181: білий | H181: Жін.
A182: ХА-3288 | B182: 10181 | C182: Puma | D182: Чоботи тип 2 | E182: Взуття | F182: 44 | G182: червоний | H182: Жін.
A183: ХА-3289 | B183: 10182 | C183: Puma | D183: Чоботи тип 3 | E183: Взуття | F183: 42 | G183: чорний | H183: Жін.
... A190: ХА-3296 | B190: 10189 | C190: Puma | D190: Туфлі тип 4 | E190: Взуття | F190: 45 | G190: білий | H190: Жін.
A191: ХА-3297 | B191: 10190 | C191: Puma | D191: Ремінь тип 1 | E191: Аксесуари | F191: б/р | G191: жовтий | H191: Унісекс
A192: ХА-3298 | B192: 10191 | C192: Puma | D192: Ремінь тип 2 | E192: Аксесуари | F192: б/р | G192: білий | H192: Унісекс
A193: ХА-3299 | B193: 10192 | C193: Puma | D193: Ремінь тип 3 | E193: Аксесуари | F193: б/р | G193: бежевий | H193: Унісекс
A194: ХА-3300 | B194: 10193 | C194: Puma | D194: Ремінь тип 4 | E194: Аксесуари | F194: б/р | G194: білий | H194: Унісекс
A195: ХА-3301 | B195: 10194 | C195: Puma | D195: Запонка тип 1 | E195: Аксесуари | F195: б/р | G195: білий | H195: Унісекс
A196: ХА-3302 | B196: 10195 | C196: Puma | D196: Запонка тип 2 | E196: Аксесуари | F196: б/р | G196: чорний | H196: Унісекс
A197: ХА-3303 | B197: 10196 | C197: Puma | D197: Запонка тип 3 | E197: Аксесуари | F197: б/р | G197: білий | H197: Унісекс
A198: ХА-3304 | B198: 10197 | C198: Puma | D198: Запонка тип 4 | E198: Аксесуари | F198: б/р | G198: білий | H198: Унісекс
A199: ХА-3305 | B199: 10198 | C199: Puma | D199: Запонка тип 5 | E199: Аксесуари | F199: б/р | G199: чорний | H199: Унісекс
A200: ХА-3306 | B200: 10199 | C200: Puma | D200: Запонка тип 6 | E200: Аксесуари | F200: б/р | G200: білий | H200: Унісекс
A201: ХА-3307 | B201: 10200 | C201: Puma | D201: Запонка тип 7 | E201: Аксесуари | F201: б/р | G201: чорний | H201: Унісекс
A202: ХА-3308 | B202: 10201 | C202: Puma | D202: М'ячик тип 1 | E202: Аксесуари | F202: б/р | G202: бежевий | H202: Унісекс
... A256: ХА-3362 | B256: 10255 | C256: Puma | D256: Сорочка тип 12 | E256: Верхній одяг | F256: L | G256: бірюзовий | H256: Жін.
A257: ХА-3363 | B257: 10256 | C257: Reebok | D257: Кросівки тип 1 | E257: Взуття | F257: 42 | G257: бежевий | H257: Чол.
A258: ХА-3364 | B258: 10257 | C258: Reebok | D258: Кросівки тип 2 | E258: Взуття | F258: 43 | G258: бірюзовий | H258: Жін.
A259: ХА-3365 | B259: 10258 | C259: Reebok | D259: Кросівки тип 3 | E259: Взуття | F259: 38 | G259: бежевий | H259: Жін.
A260: ХА-3366 | B260: 10259 | C260: Reebok | D260: Кросівки тип 4 | E260: Взуття | F260: 44 | G260: зелений | H260: Жін.
A261: ХА-3367 | B261: 10260 | C261: Reebok | D261: Кросівки тип 5 | E261: Взуття | F261: 39 | G261: білий | H261: Жін.
A262: ХА-3368 | B262: 10261 | C262: Reebok | D262: Кросівки тип 6 | E262: Взуття | F262: 42 | G262: червоний | H262: Чол.
A263: ХА-3369 | B263: 10262 | C263: Reebok | D263: Босоніжки тип 1 | E263: Взуття | F263: 38 | G263: білий | H263: Чол.
A264: ХА-3370 | B264: 10263 | C264: Reebok | D264: Босоніжки тип 2 | E264: Взуття | F264: 39 | G264: бежевий | H264: Жін.
A265: ХА-3371 | B265: 10264 | C265: Reebok | D265: Босоніжки тип 3 | E265: Взуття | F265: 39 | G265: чорний | H265: Чол.
A266: ХА-3372 | B266: 10265 | C266: Reebok | D266: Чоботи тип 1 | E266: Взуття | F266: 39 | G266: зелений | H266: Жін.
A267: ХА-3373 | B267: 10266 | C267: Reebok | D267: Чоботи тип 2 | E267: Взуття | F267: 37 | G267: білий | H267: Чол.
A268: ХА-3374 | B268: 10267 | C268: Reebok | D268: Чоботи тип 3 | E268: Взуття | F268: 43 | G268: білий | H268: Жін.
... A275: ХА-3381 | B275: 10274 | C275: Reebok | D275: Туфлі тип 4 | E275: Взуття | F275: 38 | G275: бірюзовий | H275: Жін.
A276: ХА-3382 | B276: 10275 | C276: Reebok | D276: Ремінь тип 1 | E276: Аксесуари | F276: б/р | G276: зелений | H276: Унісекс
A277: ХА-3383 | B277: 10276 | C277: Reebok | D277: Ремінь тип 2 | E277: Аксесуари | F277: б/р | G277: бірюзовий | H277: Унісекс
A278: ХА-3384 | B278: 10277 | C278: Reebok | D278: Ремінь тип 3 | E278: Аксесуари | F278: б/р | G278: чорний | H278: Унісекс
A279: ХА-3385 | B279: 10278 | C279: Reebok | D279: Ремінь тип 4 | E279: Аксесуари | F279: б/р | G279: білий | H279: Унісекс
A280: ХА-3386 | B280: 10279 | C280: Reebok | D280: Запонка тип 1 | E280: Аксесуари | F280: б/р | G280: чорний | H280: Унісекс
A281: ХА-3387 | B281: 10280 | C281: Reebok | D281: Запонка тип 2 | E281: Аксесуари | F281: б/р | G281: бірюзовий | H281: Унісекс
A282: ХА-3388 | B282: 10281 | C282: Reebok | D282: Запонка тип 3 | E282: Аксесуари | F282: б/р | G282: червоний | H282: Унісекс
A283: ХА-3389 | B283: 10282 | C283: Reebok | D283: Запонка тип 4 | E283: Аксесуари | F283: б/р | G283: червоний | H283: Унісекс
...

Sheet Клієнти
A1: Покупець | B1: Стать | C1: Зайнятість | D1: Рік народження | E1: Телефон | F1: Канал залучення
A2: ПІБ 1 | B2: Ч | C2: Держслужбовець | D2: 1962 | E2: 064-652-8882 | F2: Друзі
A3: ПІБ 2 | B3: Ч | C3: Самозайнятий | D3: 1975 | E3: 074-463-5451 | F3: Друзі
A4: ПІБ 3 | B4: Ж | C4: Офісний співробітник | D4: 1975 | E4: 094-719-8155 | F4: Друзі
A5: ПІБ 4 | B5: Ж | C5: Держслужбовець | D5: 1967 | E5: 043-495-8736 | F5: Інтернет
A6: ПІБ 5 | B6: Ч | C6: Студент | D6: 1985 | E6: 027-676-4836 | F6: Інтернет
A7: ПІБ 6 | B7: Ж | C7: Офісний співробітник | D7: 1975 | E7: 047-392-7932 | F7: Зовнішня реклама
A8: ПІБ 7 | B8: Ч | C8: Самозайнятий | D8: 1984 | E8: 061-682-3541 | F8: Друзі
A9: ПІБ 8 | B9: Ж | C9: Самозайнятий | D9: 1978 | E9: 084-587-1275 | F9: Друзі
A10: ПІБ 9 | B10: Ч | C10: Офісний співробітник | D10: 1986 | E10: 093-248-1394 | F10: Зовнішня реклама
A11: ПІБ 10 | B11: Ч | C11: Держслужбовець | D11: 1972 | E11: 024-569-8134 | F11: Радіо
A12: ПІБ 11 | B12: Ч | C12: Офісний співробітник | D12: 1971 | E12: 049-583-8154 | F12: Друзі
A13: ПІБ 12 | B13: Ч | C13: Держслужбовець | D13: 1985 | E13: 043-871-2763 | F13: Друзі
... A1279: ПІБ 1278 | B1279: Ж | C1279: Держслужбовець | D1279: 1968 | E1279: 055-872-2622 | F1279: Інтернет

Sheet Відвідувачі
A1: Дата | B1: Магазин | C1: Зайшло клієнтів
A2: 42370 | B2: 1 | C2: 27
A3: 42370 | B3: 2 | C3: 10
A4: 42370 | B4: 3 | C4: 15
A5: 42370 | B5: 4 | C5: 18
A6: 42370 | B6: 5 | C6: 5
A7: 42370 | B7: 6 | C7: 3
A8: 42370 | B8: 7 | C8: 9
A9: 42370 | B9: 8 | C9: 20
A10: 42370 | B10: 9 | C10: 15
A11: 42370 | B11: 10 | C11: 14
A12: 42371 | B12: 1 | C12: 6
A13: 42371 | B13: 2 | C13: 30
... A10031: 43373 | B10031: 10 | C10031: 13
